0,Marcus
1,Marcus
2,Marcus
3,Marcus
4,Marcus
5,Coronavirucus
6,Marcus
7,Marcus
8,Marcus
9,Marcus
10,Marcus
11,Marcus
12,Marcus
13,Coronavirucus
14,Marcus
15,Marcus
16,Coronavirucus
17,Marcus
18,Marcus
19,Marcus
20,Marcus
21,Marcus
22,Marcus
23,Marcus
24,Marcus
25,Marcus
26,Marcus
27,Marcus
28,Marcus
29,Marcus
30,Marcus
31,Marcus
32,Marcus
33,Marcus
34,Marcus
35,Marcus
36,Marcus
37,Coronavirucus
38,Coronavirucus
39,Coronavirucus
40,Marcus
41,Marcus
42,Marcus
43,Marcus
44,Marcus
45,Marcus
46,Marcus
47,Marcus
48,Marcus
49,Marcus
50,Marcus
51,Marcus
52,Marcus
53,Marcus
54,Marcus
55,Marcus
56,Marcus
57,Marcus
58,Marcus
59,Marcus
60,Marcus
61,Marcus
62,Marcus
63,Marcus
64,Marcus
65,Coronavirucus
66,Marcus
67,Marcus
68,Marcus
69,Marcus
70,Marcus
71,Marcus
72,Marcus
73,Marcus
74,Marcus
75,Marcus
76,Coronavirucus
77,Marcus
78,Marcus
79,Marcus
80,Marcus
81,Marcus
82,Coronavirucus
83,Marcus
84,Marcus
85,Marcus
86,Marcus
87,Marcus
88,Coronavirucus
89,Marcus
90,Marcus
91,Marcus
92,Marcus
93,Marcus
94,Marcus
95,Marcus
96,Marcus
97,Marcus
98,Coronavirucus
99,Marcus
100,Marcus
101,Marcus
102,Marcus
103,Marcus
104,Coronavirucus
105,Marcus
106,Marcus
107,Marcus
108,Marcus
109,Marcus
110,Marcus
111,Marcus
112,Marcus
113,Marcus
114,Marcus
115,Marcus
116,Marcus
117,Marcus
118,Marcus
119,Marcus
120,Marcus
121,Marcus
122,Marcus
123,Coronavirucus
124,Marcus
125,Marcus
126,Coronavirucus
127,Marcus
128,Marcus
129,Marcus
130,Marcus
131,Marcus
132,Marcus
133,Marcus
134,Coronavirucus
135,Marcus
136,Marcus
137,Marcus
138,Marcus
139,Marcus
140,Marcus
141,Coronavirucus
142,Marcus
143,Marcus
144,Marcus
145,Marcus
146,Marcus
147,Coronavirucus
148,Marcus
149,Marcus
150,Marcus
151,Marcus
152,Marcus
153,Marcus
154,Marcus
155,Marcus
156,Marcus
157,Marcus
158,Marcus
159,Marcus
160,Marcus
161,Marcus
162,Marcus
163,Marcus
164,Coronavirucus
165,Marcus
166,Marcus
167,Coronavirucus
168,Marcus
169,Marcus
170,Marcus
171,Marcus
172,Marcus
173,Coronavirucus
174,Marcus
175,Marcus
176,Marcus
177,Marcus
178,Coronavirucus
179,Marcus
180,Marcus
181,Coronavirucus
182,Marcus
183,Marcus
184,Marcus
185,Coronavirucus
186,Marcus
187,Marcus
188,Marcus
189,Marcus
190,Marcus
191,Marcus
192,Marcus
193,Marcus
194,Coronavirucus
195,Marcus
196,Marcus
197,Marcus
198,Marcus
199,Marcus
200,Marcus
201,Marcus
202,Marcus
203,Marcus
204,Marcus
205,Marcus
206,Marcus
207,Marcus
208,Coronavirucus
209,Marcus
210,Marcus
211,Marcus
212,Marcus
213,Marcus
214,Marcus
215,Coronavirucus
216,Marcus
217,Marcus
218,Marcus
219,Marcus
220,Marcus
221,Marcus
222,Marcus
223,Marcus
224,Marcus
225,Marcus
226,Marcus
227,Coronavirucus
228,Marcus
229,Marcus
230,Marcus
231,Marcus
232,Marcus
233,Marcus
234,Marcus
235,Marcus
236,Marcus
237,Marcus
238,Marcus
239,Marcus
240,Marcus
241,Marcus
242,Marcus
243,Marcus
244,Marcus
245,Marcus
246,Marcus
247,Marcus
248,Marcus
249,Marcus
250,Marcus
251,Marcus
252,Marcus
253,Marcus
254,Marcus
255,Marcus
256,Marcus
257,Marcus
258,Marcus
259,Marcus
260,Marcus
261,Marcus
262,Marcus
263,Marcus
264,Marcus
265,Marcus
266,Marcus
267,Marcus
268,Marcus
269,Marcus
270,Marcus
271,Marcus
272,Marcus
273,Marcus
274,Marcus
275,Marcus
276,Marcus
277,Marcus
278,Coronavirucus
279,Marcus
280,Marcus
281,Marcus
282,Marcus
283,Marcus
284,Marcus
285,Marcus
286,Marcus
287,Marcus
288,Marcus
289,Marcus
290,Marcus
291,Marcus
292,Marcus
293,Marcus
294,Marcus
295,Marcus
296,Marcus
297,Marcus
298,Marcus
299,Marcus
300,Marcus
301,Marcus
302,Marcus
303,Marcus
304,Marcus
305,Marcus
306,Marcus
307,Marcus
308,Marcus
309,Marcus
310,Coronavirucus
311,Marcus
312,Marcus
313,Marcus
314,Marcus
315,Marcus
316,Marcus
317,Marcus
318,Marcus
319,Marcus
320,Marcus
321,Marcus
322,Marcus
323,Marcus
324,Marcus
325,Marcus
326,Marcus
327,Marcus
328,Marcus
329,Marcus
330,Marcus
331,Marcus
332,Marcus
333,Marcus
334,Marcus
335,Marcus
336,Marcus
337,Marcus
338,Marcus
339,Marcus
340,Marcus
341,Marcus
342,Marcus
343,Marcus
344,Marcus
345,Marcus
346,Marcus
347,Marcus
348,Marcus
349,Marcus
350,Marcus
351,Marcus
352,Marcus
353,Marcus
354,Marcus
355,Marcus
356,Marcus
357,Marcus
358,Marcus
359,Marcus
360,Marcus
361,Marcus
362,Marcus
363,Marcus
364,Marcus
365,Marcus
366,Marcus
367,Marcus
368,Marcus
369,Coronavirucus
370,Marcus
371,Marcus
372,Marcus
373,Marcus
374,Marcus
375,Marcus
376,Marcus
377,Marcus
378,Marcus
379,Marcus
380,Marcus
381,Marcus
382,Marcus
383,Mongucus
384,Marcus
385,Marcus
386,Coronavirucus
387,Marcus
388,Marcus
389,Coronavirucus
390,Coronavirucus
391,Marcus
392,Marcus
393,Marcus
394,Marcus
395,Marcus
396,Marcus
397,Marcus
398,Marcus
399,Marcus
400,Marcus
401,Marcus
402,Marcus
403,Marcus
404,Marcus
405,Marcus
406,Marcus
407,Marcus
408,Marcus
409,Marcus
410,Marcus
411,Marcus
412,Marcus
413,Marcus
414,Mongucus
415,Marcus
416,Marcus
417,Marcus
418,Marcus
419,Marcus
420,Marcus
421,Coronavirucus
422,Coronavirucus
423,Marcus
424,Marcus
425,Marcus
426,Marcus
427,Marcus
428,Marcus
429,Marcus
430,Marcus
431,Marcus
432,Coronavirucus
433,Marcus
434,Marcus
435,Coronavirucus
436,Marcus
437,Marcus
438,Marcus
439,Marcus
440,Marcus
441,Marcus
442,Marcus
443,Coronavirucus
444,Marcus
445,Marcus
446,Marcus
447,Marcus
448,Marcus
449,Marcus
450,Marcus
451,Marcus
452,Coronavirucus
453,Marcus
454,Coronavirucus
455,Marcus
456,Marcus
457,Marcus
458,Marcus
459,Marcus
460,Marcus
461,Marcus
462,Marcus
463,Marcus
464,Marcus
465,Marcus
466,Marcus
467,Marcus
468,Marcus
469,Marcus
470,Marcus
471,Marcus
472,Marcus
473,Marcus
474,Marcus
475,Marcus
476,Marcus
477,Marcus
478,Marcus
479,Marcus
480,Marcus
481,Marcus
482,Coronavirucus
483,Marcus
484,Marcus
485,Marcus
486,Marcus
487,Marcus
488,Coronavirucus
489,Mongucus
490,Marcus
491,Marcus
492,Marcus
493,Marcus
494,Marcus
495,Coronavirucus
496,Marcus
497,Marcus
498,Marcus
499,Marcus
500,Marcus
501,Marcus
502,Marcus
503,Marcus
504,Marcus
505,Marcus
506,Marcus
507,Marcus
508,Marcus
509,Marcus
510,Coronavirucus
511,Marcus
512,Coronavirucus
513,Marcus
514,Marcus
515,Marcus
516,Marcus
517,Marcus
518,Marcus
519,Marcus
520,Marcus
521,Marcus
522,Marcus
523,Marcus
524,Marcus
525,Marcus
526,Marcus
527,Marcus
528,Marcus
529,Marcus
530,Marcus
531,Marcus
532,Marcus
533,Marcus
534,Marcus
535,Marcus
536,Marcus
537,Marcus
538,Coronavirucus
539,Marcus
540,Mongucus
541,Marcus
542,Marcus
543,Marcus
544,Marcus
545,Marcus
546,Marcus
547,Marcus
548,Marcus
549,Marcus
550,Marcus
551,Marcus
552,Marcus
553,Marcus
554,Marcus
555,Marcus
556,Marcus
557,Marcus
558,Marcus
559,Marcus
560,Marcus
561,Marcus
562,Marcus
563,Marcus
564,Marcus
565,Marcus
566,Marcus
567,Marcus
568,Marcus
569,Marcus
570,Marcus
571,Marcus
572,Marcus
573,Coronavirucus
574,Marcus
575,Marcus
576,Coronavirucus
577,Marcus
578,Marcus
579,Marcus
580,Coronavirucus
581,Coronavirucus
582,Marcus
583,Marcus
584,Marcus
585,Marcus
586,Marcus
587,Marcus
588,Marcus
589,Marcus
590,Marcus
591,Marcus
592,Coronavirucus
593,Marcus
594,Mongucus
595,Marcus
596,Marcus
597,Marcus
598,Marcus
599,Marcus
600,Marcus
601,Marcus
602,Marcus
603,Marcus
604,Marcus
605,Marcus
606,Marcus
607,Marcus
608,Marcus
609,Marcus
610,Marcus
611,Coronavirucus
612,Marcus
613,Marcus
614,Marcus
615,Marcus
616,Marcus
617,Marcus
618,Coronavirucus
619,Marcus
620,Marcus
621,Marcus
622,Marcus
623,Marcus
624,Marcus
625,Marcus
626,Marcus
627,Marcus
628,Marcus
629,Marcus
630,Marcus
631,Marcus
632,Marcus
633,Marcus
634,Marcus
635,Marcus
636,Marcus
637,Marcus
638,Marcus
639,Marcus
640,Marcus
641,Marcus
642,Marcus
643,Marcus
644,Marcus
645,Marcus
646,Marcus
647,Marcus
648,Marcus
649,Marcus
650,Marcus
651,Marcus
652,Marcus
653,Marcus
654,Marcus
655,Marcus
656,Marcus
657,Marcus
658,Marcus
659,Coronavirucus
660,Marcus
661,Marcus
662,Marcus
663,Marcus
664,Marcus
665,Marcus
666,Marcus
667,Marcus
668,Marcus
669,Marcus
670,Marcus
671,Marcus
672,Marcus
673,Marcus
674,Marcus
675,Marcus
676,Marcus
677,Marcus
678,Marcus
679,Marcus
680,Marcus
681,Marcus
682,Marcus
683,Marcus
684,Marcus
685,Marcus
686,Coronavirucus
687,Marcus
688,Marcus
689,Marcus
690,Marcus
691,Marcus
692,Marcus
693,Marcus
694,Marcus
695,Marcus
696,Marcus
697,Marcus
698,Marcus
699,Marcus
700,Marcus
701,Marcus
702,Marcus
703,Marcus
704,Marcus
705,Marcus
706,Marcus
707,Marcus
708,Marcus
709,Marcus
710,Marcus
711,Marcus
712,Marcus
713,Marcus
714,Marcus
715,Marcus
716,Marcus
717,Marcus
718,Marcus
719,Marcus
720,Coronavirucus
721,Marcus
722,Marcus
723,Marcus
724,Marcus
725,Marcus
726,Marcus
727,Marcus
728,Marcus
729,Marcus
730,Marcus
731,Marcus
732,Marcus
733,Mongucus
734,Marcus
735,Marcus
736,Marcus
737,Marcus
738,Marcus
739,Marcus
740,Marcus
741,Marcus
742,Marcus
743,Marcus
744,Marcus
745,Marcus
746,Marcus
747,Marcus
748,Coronavirucus
749,Marcus
750,Marcus
751,Marcus
752,Marcus
753,Marcus
754,Marcus
755,Marcus
756,Marcus
757,Marcus
758,Marcus
759,Marcus
760,Marcus
761,Marcus
762,Coronavirucus
763,Marcus
764,Coronavirucus
765,Marcus
766,Marcus
767,Marcus
768,Marcus
769,Marcus
770,Marcus
771,Marcus
772,Marcus
773,Marcus
774,Marcus
775,Marcus
776,Marcus
777,Marcus
778,Marcus
779,Marcus
780,Marcus
781,Marcus
782,Coronavirucus
783,Coronavirucus
784,Marcus
785,Marcus
786,Marcus
787,Marcus
788,Marcus
789,Marcus
790,Marcus
791,Marcus
792,Marcus
793,Marcus
794,Coronavirucus
795,Marcus
796,Marcus
797,Marcus
798,Marcus
799,Marcus
800,Marcus
801,Marcus
802,Marcus
803,Marcus
804,Marcus
805,Marcus
806,Marcus
807,Marcus
808,Marcus
809,Marcus
810,Marcus
811,Marcus
812,Marcus
813,Marcus
814,Marcus
815,Marcus
816,Marcus
817,Marcus
818,Marcus
819,Marcus
820,Marcus
821,Marcus
822,Marcus
823,Marcus
824,Marcus
825,Marcus
826,Marcus
827,Marcus
828,Marcus
829,Marcus
830,Coronavirucus
831,Marcus
832,Marcus
833,Marcus
834,Marcus
835,Marcus
836,Marcus
837,Marcus
838,Marcus
839,Marcus
840,Marcus
841,Marcus
842,Coronavirucus
843,Marcus
844,Marcus
845,Marcus
846,Marcus
847,Marcus
848,Marcus
849,Marcus
850,Marcus
851,Marcus
852,Marcus
853,Marcus
854,Marcus
855,Marcus
856,Marcus
857,Marcus
858,Marcus
859,Marcus
860,Marcus
861,Marcus
862,Marcus
863,Marcus
864,Marcus
865,Marcus
866,Marcus
867,Marcus
868,Marcus
869,Coronavirucus
870,Marcus
871,Marcus
872,Marcus
873,Marcus
874,Marcus
875,Marcus
876,Marcus
877,Marcus
878,Marcus
879,Marcus
880,Marcus
881,Marcus
882,Marcus
883,Marcus
884,Marcus
885,Marcus
886,Marcus
887,Marcus
888,Marcus
889,Marcus
890,Marcus
891,Marcus
892,Marcus
893,Marcus
894,Marcus
895,Marcus
896,Marcus
897,Marcus
898,Marcus
899,Marcus
900,Marcus
901,Marcus
902,Coronavirucus
903,Marcus
904,Marcus
905,Marcus
906,Marcus
907,Coronavirucus
908,Marcus
909,Marcus
910,Marcus
911,Marcus
912,Marcus
913,Marcus
914,Marcus
915,Marcus
916,Marcus
917,Marcus
918,Marcus
919,Coronavirucus
920,Marcus
921,Marcus
922,Marcus
923,Marcus
924,Marcus
925,Marcus
926,Marcus
927,Marcus
928,Marcus
929,Marcus
930,Marcus
931,Marcus
932,Marcus
933,Coronavirucus
934,Marcus
935,Marcus
936,Marcus
937,Marcus
938,Coronavirucus
939,Marcus
940,Marcus
941,Coronavirucus
942,Marcus
943,Marcus
944,Marcus
945,Marcus
946,Marcus
947,Marcus
948,Marcus
949,Marcus
950,Marcus
951,Marcus
952,Marcus
953,Marcus
954,Marcus
955,Marcus
956,Marcus
957,Marcus
958,Marcus
959,Marcus
960,Marcus
961,Marcus
962,Marcus
963,Marcus
964,Marcus
965,Marcus
966,Marcus
967,Marcus
968,Marcus
969,Marcus
970,Marcus
971,Marcus
972,Marcus
973,Marcus
974,Marcus
975,Marcus
976,Marcus
977,Marcus
978,Marcus
979,Marcus
980,Marcus
981,Marcus
982,Marcus
983,Marcus
984,Coronavirucus
985,Marcus
986,Marcus
987,Marcus
988,Marcus
989,Marcus
990,Marcus
991,Marcus
992,Coronavirucus
993,Coronavirucus
994,Coronavirucus
995,Marcus
996,Marcus
997,Marcus
998,Marcus
999,Marcus
1000,Coronavirucus
1001,Marcus
1002,Marcus
1003,Coronavirucus
1004,Marcus
1005,Marcus
1006,Marcus
1007,Marcus
1008,Marcus
1009,Marcus
1010,Marcus
1011,Marcus
1012,Marcus
1013,Marcus
1014,Marcus
1015,Marcus
1016,Marcus
1017,Marcus
1018,Marcus
1019,Marcus
1020,Marcus
1021,Marcus
1022,Marcus
1023,Marcus
1024,Marcus
1025,Marcus
1026,Marcus
1027,Marcus
1028,Marcus
1029,Marcus
1030,Marcus
1031,Marcus
1032,Coronavirucus
1033,Marcus
1034,Marcus
1035,Marcus
1036,Marcus
1037,Marcus
1038,Marcus
1039,Marcus
1040,Marcus
1041,Marcus
1042,Marcus
1043,Marcus
1044,Coronavirucus
1045,Marcus
1046,Marcus
1047,Marcus
1048,Marcus
1049,Marcus
1050,Marcus
1051,Marcus
1052,Marcus
1053,Marcus
1054,Coronavirucus
1055,Marcus
1056,Marcus
1057,Marcus
1058,Marcus
1059,Marcus
1060,Marcus
1061,Marcus
1062,Marcus
1063,Marcus
1064,Marcus
1065,Marcus
1066,Marcus
1067,Marcus
1068,Marcus
1069,Marcus
1070,Marcus
1071,Marcus
1072,Marcus
1073,Marcus
1074,Mongucus
1075,Marcus
1076,Marcus
1077,Marcus
1078,Marcus
1079,Marcus
1080,Marcus
1081,Marcus
1082,Marcus
1083,Marcus
1084,Marcus
1085,Marcus
1086,Marcus
1087,Marcus
1088,Marcus
1089,Marcus
1090,Marcus
1091,Marcus
1092,Marcus
1093,Marcus
1094,Marcus
1095,Marcus
1096,Marcus
1097,Marcus
1098,Marcus
1099,Marcus
1100,Marcus
1101,Marcus
1102,Marcus
1103,Marcus
1104,Coronavirucus
1105,Marcus
1106,Marcus
1107,Marcus
1108,Marcus
1109,Marcus
1110,Marcus
1111,Marcus
1112,Marcus
1113,Marcus
1114,Marcus
1115,Marcus
1116,Marcus
1117,Marcus
1118,Marcus
1119,Marcus
1120,Marcus
1121,Marcus
1122,Marcus
1123,Marcus
1124,Marcus
1125,Marcus
1126,Marcus
1127,Marcus
1128,Marcus
1129,Marcus
1130,Marcus
1131,Marcus
1132,Marcus
1133,Marcus
1134,Marcus
1135,Marcus
1136,Marcus
1137,Marcus
1138,Marcus
1139,Marcus
1140,Marcus
1141,Marcus
1142,Marcus
1143,Marcus
1144,Marcus
1145,Marcus
1146,Marcus
1147,Marcus
1148,Marcus
1149,Marcus
1150,Marcus
1151,Coronavirucus
1152,Marcus
1153,Marcus
1154,Marcus
1155,Marcus
1156,Marcus
1157,Marcus
1158,Marcus
1159,Coronavirucus
1160,Marcus
1161,Marcus
1162,Marcus
1163,Marcus
1164,Marcus
1165,Marcus
1166,Marcus
1167,Marcus
1168,Marcus
1169,Marcus
1170,Marcus
1171,Marcus
1172,Coronavirucus
1173,Marcus
1174,Marcus
1175,Marcus
1176,Coronavirucus
1177,Marcus
1178,Marcus
1179,Marcus
1180,Coronavirucus
1181,Marcus
1182,Marcus
1183,Mongucus
1184,Marcus
1185,Marcus
1186,Coronavirucus
1187,Marcus
1188,Marcus
1189,Marcus
1190,Marcus
1191,Marcus
1192,Marcus
1193,Marcus
1194,Marcus
1195,Marcus
1196,Mongucus
1197,Coronavirucus
1198,Marcus
1199,Marcus
1200,Marcus
1201,Marcus
1202,Marcus
1203,Marcus
1204,Marcus
1205,Marcus
1206,Marcus
1207,Marcus
1208,Marcus
1209,Marcus
1210,Marcus
1211,Marcus
1212,Marcus
1213,Marcus
1214,Marcus
1215,Marcus
1216,Marcus
1217,Marcus
1218,Marcus
1219,Marcus
1220,Marcus
1221,Marcus
1222,Marcus
1223,Marcus
1224,Marcus
1225,Marcus
1226,Marcus
1227,Marcus
1228,Marcus
1229,Marcus
1230,Marcus
1231,Marcus
1232,Coronavirucus
1233,Marcus
1234,Marcus
1235,Marcus
1236,Marcus
1237,Marcus
1238,Coronavirucus
1239,Marcus
1240,Marcus
1241,Marcus
1242,Marcus
1243,Marcus
1244,Marcus
1245,Coronavirucus
1246,Marcus
1247,Coronavirucus
1248,Marcus
1249,Coronavirucus
1250,Marcus
1251,Marcus
1252,Marcus
1253,Marcus
1254,Marcus
1255,Marcus
1256,Marcus
1257,Marcus
1258,Marcus
1259,Marcus
1260,Marcus
1261,Marcus
1262,Marcus
1263,Marcus
1264,Marcus
1265,Coronavirucus
1266,Marcus
1267,Marcus
1268,Marcus
1269,Marcus
1270,Marcus
1271,Marcus
1272,Marcus
1273,Marcus
1274,Marcus
1275,Marcus
1276,Marcus
1277,Marcus
1278,Marcus
1279,Marcus
1280,Marcus
1281,Marcus
1282,Marcus
1283,Marcus
1284,Marcus
1285,Marcus
1286,Marcus
1287,Marcus
1288,Marcus
1289,Marcus
1290,Marcus
1291,Marcus
1292,Marcus
1293,Marcus
1294,Marcus
1295,Marcus
1296,Marcus
1297,Marcus
1298,Marcus
1299,Marcus
1300,Coronavirucus
1301,Coronavirucus
1302,Marcus
1303,Marcus
1304,Marcus
1305,Mongucus
1306,Marcus
1307,Marcus
1308,Marcus
1309,Marcus
1310,Marcus
1311,Marcus
1312,Marcus
1313,Marcus
1314,Marcus
1315,Marcus
1316,Marcus
1317,Marcus
1318,Marcus
1319,Marcus
1320,Marcus
1321,Marcus
1322,Marcus
1323,Marcus
1324,Marcus
1325,Marcus
1326,Marcus
1327,Marcus
1328,Marcus
1329,Marcus
1330,Marcus
1331,Marcus
1332,Marcus
1333,Coronavirucus
1334,Marcus
1335,Mongucus
1336,Marcus
1337,Marcus
1338,Marcus
1339,Marcus
1340,Marcus
1341,Marcus
1342,Marcus
1343,Marcus
1344,Coronavirucus
1345,Marcus
1346,Marcus
1347,Marcus
1348,Marcus
1349,Coronavirucus
1350,Marcus
1351,Marcus
1352,Marcus
1353,Marcus
1354,Marcus
1355,Marcus
1356,Marcus
1357,Marcus
1358,Marcus
1359,Marcus
1360,Marcus
1361,Marcus
1362,Marcus
1363,Marcus
1364,Marcus
1365,Coronavirucus
1366,Marcus
1367,Marcus
1368,Marcus
1369,Marcus
1370,Marcus
1371,Marcus
1372,Marcus
1373,Marcus
1374,Coronavirucus
1375,Marcus
1376,Marcus
1377,Marcus
1378,Marcus
1379,Marcus
1380,Marcus
1381,Marcus
1382,Marcus
1383,Marcus
1384,Marcus
1385,Marcus
1386,Marcus
1387,Marcus
1388,Marcus
1389,Marcus
1390,Marcus
1391,Marcus
1392,Marcus
1393,Marcus
1394,Marcus
1395,Marcus
1396,Coronavirucus
1397,Marcus
1398,Marcus
1399,Marcus
1400,Marcus
1401,Marcus
1402,Marcus
1403,Marcus
1404,Marcus
1405,Marcus
1406,Marcus
1407,Marcus
1408,Marcus
1409,Marcus
1410,Marcus
1411,Coronavirucus
1412,Coronavirucus
1413,Marcus
1414,Coronavirucus
1415,Marcus
1416,Marcus
1417,Marcus
1418,Marcus
1419,Marcus
1420,Marcus
1421,Marcus
1422,Marcus
1423,Marcus
1424,Marcus
1425,Marcus
1426,Marcus
1427,Marcus
1428,Marcus
1429,Marcus
1430,Marcus
1431,Marcus
1432,Marcus
1433,Marcus
1434,Marcus
1435,Marcus
1436,Marcus
1437,Marcus
1438,Marcus
1439,Marcus
1440,Marcus
1441,Marcus
1442,Marcus
1443,Marcus
1444,Marcus
1445,Marcus
1446,Marcus
1447,Marcus
1448,Marcus
1449,Coronavirucus
1450,Marcus
1451,Marcus
1452,Marcus
1453,Marcus
1454,Marcus
1455,Marcus
1456,Marcus
1457,Marcus
1458,Marcus
1459,Marcus
1460,Marcus
1461,Marcus
1462,Marcus
1463,Marcus
1464,Marcus
1465,Marcus
1466,Marcus
1467,Coronavirucus
1468,Marcus
1469,Marcus
1470,Marcus
1471,Marcus
1472,Marcus
1473,Marcus
1474,Coronavirucus
1475,Marcus
1476,Marcus
1477,Marcus
1478,Marcus
1479,Marcus
1480,Coronavirucus
1481,Marcus
1482,Marcus
1483,Coronavirucus
1484,Marcus
1485,Marcus
1486,Marcus
1487,Marcus
1488,Marcus
1489,Marcus
1490,Marcus
1491,Marcus
1492,Marcus
1493,Marcus
1494,Marcus
1495,Marcus
1496,Coronavirucus
1497,Marcus
1498,Marcus
1499,Marcus
1500,Marcus
1501,Marcus
1502,Coronavirucus
1503,Marcus
1504,Marcus
1505,Marcus
1506,Marcus
1507,Marcus
1508,Marcus
1509,Marcus
1510,Marcus
1511,Marcus
1512,Marcus
1513,Marcus
1514,Marcus
1515,Marcus
1516,Coronavirucus
1517,Marcus
1518,Coronavirucus
1519,Marcus
1520,Marcus
1521,Marcus
1522,Marcus
1523,Marcus
1524,Marcus
1525,Marcus
1526,Marcus
1527,Marcus
1528,Marcus
1529,Coronavirucus
1530,Coronavirucus
1531,Marcus
1532,Marcus
1533,Marcus
1534,Marcus
1535,Marcus
1536,Coronavirucus
1537,Marcus
1538,Marcus
1539,Coronavirucus
1540,Marcus
1541,Marcus
1542,Marcus
1543,Marcus
1544,Marcus
1545,Marcus
1546,Marcus
1547,Marcus
1548,Marcus
1549,Coronavirucus
1550,Marcus
1551,Marcus
1552,Marcus
1553,Marcus
1554,Marcus
1555,Marcus
1556,Marcus
1557,Marcus
1558,Marcus
1559,Marcus
1560,Mongucus
1561,Marcus
1562,Marcus
1563,Marcus
1564,Marcus
1565,Marcus
1566,Coronavirucus
1567,Marcus
1568,Marcus
1569,Marcus
1570,Marcus
1571,Marcus
1572,Marcus
1573,Marcus
1574,Marcus
1575,Coronavirucus
1576,Marcus
1577,Marcus
1578,Marcus
1579,Marcus
1580,Marcus
1581,Marcus
1582,Marcus
1583,Marcus
1584,Marcus
1585,Marcus
1586,Marcus
1587,Marcus
1588,Marcus
1589,Marcus
1590,Marcus
1591,Marcus
1592,Marcus
1593,Marcus
1594,Coronavirucus
1595,Marcus
1596,Marcus
1597,Marcus
1598,Marcus
1599,Marcus
1600,Marcus
1601,Marcus
1602,Marcus
1603,Marcus
1604,Marcus
1605,Marcus
1606,Marcus
1607,Marcus
1608,Marcus
1609,Marcus
1610,Marcus
1611,Marcus
1612,Marcus
1613,Marcus
1614,Marcus
1615,Marcus
1616,Marcus
1617,Marcus
1618,Marcus
1619,Marcus
1620,Marcus
1621,Marcus
1622,Marcus
1623,Marcus
1624,Marcus
1625,Marcus
1626,Marcus
1627,Marcus
1628,Marcus
1629,Marcus
1630,Marcus
1631,Marcus
1632,Marcus
1633,Marcus
1634,Marcus
1635,Marcus
1636,Marcus
1637,Marcus
1638,Marcus
1639,Marcus
1640,Marcus
1641,Marcus
1642,Marcus
1643,Marcus
1644,Marcus
1645,Marcus
1646,Marcus
1647,Coronavirucus
1648,Marcus
1649,Marcus
1650,Marcus
1651,Marcus
1652,Marcus
1653,Marcus
1654,Marcus
1655,Marcus
1656,Marcus
1657,Marcus
1658,Marcus
1659,Marcus
1660,Marcus
1661,Marcus
1662,Marcus
1663,Marcus
1664,Marcus
1665,Marcus
1666,Marcus
1667,Marcus
1668,Marcus
1669,Marcus
1670,Marcus
1671,Marcus
1672,Marcus
1673,Marcus
1674,Marcus
1675,Marcus
1676,Marcus
1677,Marcus
1678,Marcus
1679,Marcus
1680,Marcus
1681,Marcus
1682,Marcus
1683,Marcus
1684,Marcus
1685,Marcus
1686,Marcus
1687,Marcus
1688,Marcus
1689,Marcus
1690,Marcus
1691,Marcus
1692,Marcus
1693,Coronavirucus
1694,Marcus
1695,Marcus
1696,Marcus
1697,Coronavirucus
1698,Marcus
1699,Coronavirucus
1700,Marcus
1701,Marcus
1702,Marcus
1703,Marcus
1704,Coronavirucus
1705,Marcus
1706,Marcus
1707,Marcus
1708,Marcus
1709,Marcus
1710,Marcus
1711,Marcus
1712,Marcus
1713,Coronavirucus
1714,Coronavirucus
1715,Marcus
1716,Marcus
1717,Marcus
1718,Marcus
1719,Marcus
1720,Coronavirucus
1721,Marcus
1722,Marcus
1723,Marcus
1724,Marcus
1725,Marcus
1726,Marcus
1727,Marcus
1728,Marcus
1729,Marcus
1730,Marcus
1731,Marcus
1732,Marcus
1733,Marcus
1734,Marcus
1735,Marcus
1736,Coronavirucus
1737,Marcus
1738,Marcus
1739,Marcus
1740,Marcus
1741,Marcus
1742,Marcus
1743,Marcus
1744,Marcus
1745,Marcus
1746,Marcus
1747,Marcus
1748,Marcus
1749,Coronavirucus
1750,Marcus
1751,Marcus
1752,Marcus
1753,Marcus
1754,Marcus
1755,Coronavirucus
1756,Marcus
1757,Coronavirucus
1758,Marcus
1759,Marcus
1760,Marcus
1761,Marcus
1762,Marcus
1763,Marcus
1764,Coronavirucus
1765,Marcus
1766,Marcus
1767,Marcus
1768,Marcus
1769,Marcus
1770,Marcus
1771,Marcus
1772,Marcus
1773,Marcus
1774,Marcus
1775,Marcus
1776,Marcus
1777,Marcus
1778,Marcus
1779,Marcus
1780,Marcus
1781,Marcus
1782,Marcus
1783,Marcus
1784,Marcus
1785,Marcus
1786,Marcus
1787,Marcus
1788,Marcus
1789,Marcus
1790,Marcus
1791,Marcus
1792,Coronavirucus
1793,Marcus
1794,Marcus
1795,Marcus
1796,Marcus
1797,Marcus
1798,Marcus
1799,Marcus
1800,Marcus
1801,Marcus
1802,Marcus
1803,Marcus
1804,Marcus
1805,Marcus
1806,Coronavirucus
1807,Marcus
1808,Marcus
1809,Marcus
1810,Marcus
1811,Marcus
1812,Marcus
1813,Marcus
1814,Marcus
1815,Marcus
1816,Marcus
1817,Marcus
1818,Marcus
1819,Marcus
1820,Marcus
1821,Marcus
1822,Marcus
1823,Marcus
1824,Coronavirucus
1825,Marcus
1826,Marcus
1827,Marcus
1828,Marcus
1829,Coronavirucus
1830,Coronavirucus
1831,Marcus
1832,Marcus
1833,Marcus
1834,Marcus
1835,Marcus
1836,Marcus
1837,Marcus
1838,Marcus
1839,Marcus
1840,Marcus
1841,Marcus
1842,Marcus
1843,Marcus
1844,Marcus
1845,Marcus
1846,Marcus
1847,Coronavirucus
1848,Marcus
1849,Marcus
1850,Marcus
1851,Marcus
1852,Marcus
1853,Coronavirucus
1854,Marcus
1855,Marcus
1856,Marcus
1857,Marcus
1858,Marcus
1859,Marcus
1860,Marcus
1861,Marcus
1862,Marcus
1863,Marcus
1864,Marcus
1865,Marcus
1866,Marcus
1867,Marcus
1868,Marcus
1869,Marcus
1870,Marcus
1871,Marcus
1872,Coronavirucus
1873,Marcus
1874,Marcus
1875,Marcus
1876,Marcus
1877,Coronavirucus
1878,Marcus
1879,Marcus
1880,Marcus
1881,Marcus
1882,Marcus
1883,Marcus
1884,Marcus
1885,Marcus
1886,Marcus
1887,Marcus
1888,Marcus
1889,Marcus
1890,Marcus
1891,Marcus
1892,Marcus
1893,Marcus
1894,Marcus
1895,Marcus
1896,Marcus
1897,Marcus
1898,Marcus
1899,Marcus
1900,Marcus
1901,Coronavirucus
1902,Coronavirucus
1903,Marcus
1904,Marcus
1905,Marcus
1906,Marcus
1907,Marcus
1908,Marcus
1909,Coronavirucus
1910,Coronavirucus
1911,Marcus
1912,Marcus
1913,Marcus
1914,Marcus
1915,Marcus
1916,Marcus
1917,Marcus
1918,Marcus
1919,Marcus
1920,Marcus
1921,Marcus
1922,Marcus
1923,Marcus
1924,Marcus
1925,Marcus
1926,Marcus
1927,Marcus
1928,Marcus
1929,Marcus
1930,Marcus
1931,Marcus
1932,Marcus
1933,Marcus
1934,Marcus
1935,Marcus
1936,Marcus
1937,Marcus
1938,Marcus
1939,Marcus
1940,Marcus
1941,Coronavirucus
1942,Marcus
1943,Marcus
1944,Marcus
1945,Marcus
1946,Marcus
1947,Marcus
1948,Marcus
1949,Marcus
1950,Marcus
1951,Marcus
1952,Marcus
1953,Marcus
1954,Marcus
1955,Marcus
1956,Marcus
1957,Marcus
1958,Marcus
1959,Marcus
1960,Marcus
1961,Marcus
1962,Marcus
1963,Marcus
1964,Marcus
1965,Marcus
1966,Marcus
1967,Marcus
1968,Marcus
1969,Marcus
1970,Marcus
1971,Marcus
1972,Marcus
1973,Marcus
1974,Marcus
1975,Marcus
1976,Marcus
1977,Marcus
1978,Marcus
1979,Marcus
1980,Marcus
1981,Marcus
1982,Marcus
1983,Marcus
1984,Marcus
1985,Marcus
1986,Marcus
1987,Marcus
1988,Marcus
1989,Coronavirucus
1990,Marcus
1991,Marcus
1992,Marcus
1993,Marcus
1994,Marcus
1995,Marcus
1996,Marcus
1997,Marcus
1998,Marcus
1999,Marcus
2000,Marcus
2001,Marcus
2002,Marcus
2003,Marcus
2004,Marcus
2005,Marcus
2006,Marcus
2007,Marcus
2008,Marcus
2009,Coronavirucus
2010,Marcus
2011,Marcus
2012,Coronavirucus
2013,Marcus
2014,Marcus
2015,Marcus
2016,Marcus
2017,Marcus
2018,Marcus
2019,Marcus
2020,Marcus
2021,Marcus
2022,Coronavirucus
2023,Marcus
2024,Marcus
2025,Marcus
2026,Marcus
2027,Marcus
2028,Marcus
2029,Marcus
2030,Marcus
2031,Marcus
2032,Marcus
2033,Marcus
2034,Marcus
2035,Marcus
2036,Marcus
2037,Marcus
2038,Marcus
2039,Marcus
2040,Marcus
2041,Marcus
2042,Marcus
2043,Coronavirucus
2044,Marcus
2045,Marcus
2046,Marcus
2047,Marcus
2048,Marcus
2049,Marcus
2050,Marcus
2051,Mongucus
2052,Marcus
2053,Marcus
2054,Marcus
2055,Marcus
2056,Marcus
2057,Marcus
2058,Coronavirucus
2059,Marcus
2060,Marcus
2061,Marcus
2062,Marcus
2063,Coronavirucus
2064,Coronavirucus
2065,Marcus
2066,Marcus
2067,Marcus
2068,Marcus
2069,Marcus
2070,Marcus
2071,Marcus
2072,Marcus
2073,Marcus
2074,Marcus
2075,Marcus
2076,Marcus
2077,Marcus
2078,Marcus
2079,Coronavirucus
2080,Coronavirucus
2081,Marcus
2082,Coronavirucus
2083,Coronavirucus
2084,Marcus
2085,Marcus
2086,Marcus
2087,Marcus
2088,Marcus
2089,Marcus
2090,Marcus
2091,Marcus
2092,Marcus
2093,Marcus
2094,Coronavirucus
2095,Marcus
2096,Marcus
2097,Marcus
2098,Marcus
2099,Marcus
2100,Marcus
2101,Marcus
2102,Marcus
2103,Marcus
2104,Marcus
2105,Marcus
2106,Marcus
2107,Marcus
2108,Marcus
2109,Marcus
2110,Marcus
2111,Marcus
2112,Marcus
2113,Marcus
2114,Coronavirucus
2115,Marcus
2116,Marcus
2117,Marcus
2118,Marcus
2119,Marcus
2120,Marcus
2121,Marcus
2122,Marcus
2123,Marcus
2124,Marcus
2125,Marcus
2126,Marcus
2127,Coronavirucus
2128,Marcus
2129,Coronavirucus
2130,Marcus
2131,Marcus
2132,Marcus
2133,Marcus
2134,Marcus
2135,Marcus
2136,Marcus
2137,Marcus
2138,Marcus
2139,Marcus
2140,Marcus
2141,Marcus
2142,Marcus
2143,Marcus
2144,Marcus
2145,Marcus
2146,Marcus
2147,Marcus
2148,Coronavirucus
2149,Marcus
2150,Marcus
2151,Marcus
2152,Marcus
2153,Marcus
2154,Marcus
2155,Marcus
2156,Marcus
2157,Marcus
2158,Marcus
2159,Marcus
2160,Marcus
2161,Marcus
2162,Marcus
2163,Marcus
2164,Marcus
2165,Marcus
2166,Marcus
2167,Marcus
2168,Marcus
2169,Marcus
2170,Marcus
2171,Marcus
2172,Marcus
2173,Marcus
2174,Marcus
2175,Marcus
2176,Marcus
2177,Marcus
2178,Marcus
2179,Marcus
2180,Marcus
2181,Marcus
2182,Marcus
2183,Marcus
2184,Marcus
2185,Marcus
2186,Marcus
2187,Marcus
2188,Marcus
2189,Marcus
2190,Coronavirucus
2191,Marcus
2192,Marcus
2193,Marcus
2194,Marcus
2195,Marcus
2196,Marcus
2197,Marcus
2198,Marcus
2199,Marcus
2200,Marcus
2201,Marcus
2202,Marcus
2203,Marcus
2204,Mongucus
2205,Marcus
2206,Marcus
2207,Marcus
2208,Marcus
2209,Marcus
2210,Marcus
2211,Marcus
2212,Marcus
2213,Marcus
2214,Marcus
2215,Marcus
2216,Marcus
2217,Marcus
2218,Marcus
2219,Marcus
2220,Marcus
2221,Marcus
2222,Marcus
2223,Marcus
2224,Marcus
2225,Marcus
2226,Marcus
2227,Coronavirucus
2228,Marcus
2229,Marcus
2230,Marcus
2231,Marcus
2232,Marcus
2233,Marcus
2234,Marcus
2235,Mongucus
2236,Marcus
2237,Marcus
2238,Marcus
2239,Marcus
2240,Marcus
2241,Marcus
2242,Marcus
2243,Marcus
2244,Marcus
2245,Coronavirucus
2246,Marcus
2247,Marcus
2248,Marcus
2249,Marcus
2250,Marcus
2251,Marcus
2252,Marcus
2253,Marcus
2254,Coronavirucus
2255,Marcus
2256,Marcus
2257,Marcus
2258,Coronavirucus
2259,Marcus
2260,Marcus
2261,Marcus
2262,Marcus
2263,Marcus
2264,Marcus
2265,Marcus
2266,Marcus
2267,Marcus
2268,Mongucus
2269,Marcus
2270,Marcus
2271,Marcus
2272,Marcus
2273,Marcus
2274,Marcus
2275,Marcus
2276,Marcus
2277,Mongucus
2278,Coronavirucus
2279,Marcus
2280,Marcus
2281,Marcus
2282,Marcus
2283,Marcus
2284,Marcus
2285,Coronavirucus
2286,Marcus
2287,Marcus
2288,Marcus
2289,Marcus
2290,Coronavirucus
2291,Marcus
2292,Marcus
2293,Marcus
2294,Marcus
2295,Marcus
2296,Marcus
2297,Marcus
2298,Marcus
2299,Marcus
2300,Marcus
2301,Marcus
2302,Marcus
2303,Marcus
2304,Marcus
2305,Coronavirucus
2306,Marcus
2307,Marcus
2308,Marcus
2309,Marcus
2310,Marcus
2311,Marcus
2312,Marcus
2313,Marcus
2314,Marcus
2315,Marcus
2316,Marcus
2317,Marcus
2318,Marcus
2319,Coronavirucus
2320,Marcus
2321,Marcus
2322,Marcus
2323,Marcus
2324,Marcus
2325,Marcus
2326,Marcus
2327,Marcus
2328,Marcus
2329,Marcus
2330,Marcus
2331,Marcus
2332,Marcus
2333,Marcus
2334,Marcus
2335,Marcus
2336,Coronavirucus
2337,Marcus
2338,Marcus
2339,Marcus
2340,Marcus
2341,Marcus
2342,Marcus
2343,Marcus
2344,Marcus
2345,Marcus
2346,Marcus
2347,Marcus
2348,Marcus
2349,Marcus
2350,Marcus
2351,Marcus
2352,Marcus
2353,Marcus
2354,Marcus
2355,Marcus
2356,Marcus
2357,Marcus
2358,Marcus
2359,Marcus
2360,Marcus
2361,Marcus
2362,Marcus
2363,Marcus
2364,Marcus
2365,Marcus
2366,Marcus
2367,Marcus
2368,Marcus
2369,Marcus
2370,Marcus
2371,Marcus
2372,Marcus
2373,Marcus
2374,Marcus
2375,Marcus
2376,Marcus
2377,Marcus
2378,Marcus
2379,Coronavirucus
2380,Marcus
2381,Marcus
2382,Marcus
2383,Marcus
2384,Marcus
2385,Marcus
2386,Marcus
2387,Marcus
2388,Marcus
2389,Coronavirucus
2390,Marcus
2391,Marcus
2392,Marcus
2393,Marcus
2394,Marcus
2395,Marcus
2396,Marcus
2397,Marcus
2398,Marcus
2399,Marcus
2400,Marcus
2401,Marcus
2402,Coronavirucus
2403,Marcus
2404,Marcus
2405,Marcus
2406,Marcus
2407,Marcus
2408,Marcus
2409,Marcus
2410,Marcus
2411,Marcus
2412,Marcus
2413,Marcus
2414,Marcus
2415,Marcus
2416,Marcus
2417,Marcus
2418,Marcus
2419,Marcus
2420,Coronavirucus
2421,Marcus
2422,Marcus
2423,Coronavirucus
2424,Marcus
2425,Marcus
2426,Marcus
2427,Coronavirucus
2428,Marcus
2429,Marcus
2430,Marcus
2431,Marcus
2432,Marcus
2433,Marcus
2434,Marcus
2435,Marcus
2436,Marcus
2437,Marcus
2438,Marcus
2439,Coronavirucus
2440,Marcus
2441,Marcus
2442,Marcus
2443,Marcus
2444,Marcus
2445,Marcus
2446,Coronavirucus
2447,Marcus
2448,Marcus
2449,Marcus
2450,Marcus
2451,Marcus
2452,Marcus
2453,Marcus
2454,Marcus
2455,Marcus
2456,Marcus
2457,Marcus
2458,Marcus
2459,Marcus
2460,Marcus
2461,Marcus
2462,Marcus
2463,Marcus
2464,Coronavirucus
2465,Marcus
2466,Marcus
2467,Marcus
2468,Marcus
2469,Marcus
2470,Marcus
2471,Marcus
2472,Marcus
2473,Marcus
2474,Marcus
2475,Marcus
2476,Marcus
2477,Marcus
2478,Marcus
2479,Coronavirucus
2480,Marcus
2481,Marcus
2482,Marcus
2483,Marcus
2484,Marcus
2485,Marcus
2486,Marcus
2487,Coronavirucus
2488,Marcus
2489,Marcus
2490,Coronavirucus
2491,Marcus
2492,Marcus
2493,Marcus
2494,Marcus
2495,Marcus
2496,Marcus
2497,Marcus
2498,Marcus
2499,Marcus
2500,Mongucus
2501,Marcus
2502,Marcus
2503,Marcus
2504,Marcus
2505,Coronavirucus
2506,Marcus
2507,Marcus
2508,Marcus
2509,Marcus
2510,Marcus
2511,Marcus
2512,Marcus
2513,Marcus
2514,Marcus
2515,Marcus
2516,Marcus
2517,Marcus
2518,Marcus
2519,Marcus
2520,Marcus
2521,Marcus
2522,Marcus
2523,Marcus
2524,Marcus
2525,Marcus
2526,Coronavirucus
2527,Marcus
2528,Marcus
2529,Marcus
2530,Marcus
2531,Marcus
2532,Marcus
2533,Coronavirucus
2534,Marcus
2535,Marcus
2536,Marcus
2537,Marcus
2538,Marcus
2539,Marcus
2540,Marcus
2541,Mongucus
2542,Marcus
2543,Marcus
2544,Marcus
2545,Marcus
2546,Marcus
2547,Marcus
2548,Marcus
2549,Marcus
2550,Marcus
2551,Coronavirucus
2552,Marcus
2553,Marcus
2554,Marcus
2555,Marcus
2556,Marcus
2557,Marcus
2558,Marcus
2559,Marcus
2560,Marcus
2561,Coronavirucus
2562,Marcus
2563,Marcus
2564,Marcus
2565,Marcus
2566,Marcus
2567,Marcus
2568,Marcus
2569,Marcus
2570,Marcus
2571,Marcus
2572,Marcus
2573,Marcus
2574,Marcus
2575,Marcus
2576,Marcus
2577,Marcus
2578,Marcus
2579,Marcus
2580,Marcus
2581,Marcus
2582,Marcus
2583,Marcus
2584,Marcus
2585,Marcus
2586,Marcus
2587,Marcus
2588,Marcus
2589,Marcus
2590,Marcus
2591,Marcus
2592,Marcus
2593,Marcus
2594,Marcus
2595,Marcus
2596,Marcus
2597,Marcus
2598,Marcus
2599,Coronavirucus
2600,Marcus
2601,Marcus
2602,Marcus
2603,Marcus
2604,Marcus
2605,Marcus
2606,Marcus
2607,Marcus
2608,Marcus
2609,Marcus
2610,Marcus
2611,Marcus
2612,Marcus
2613,Marcus
2614,Marcus
2615,Marcus
2616,Marcus
2617,Marcus
2618,Marcus
2619,Marcus
2620,Marcus
2621,Marcus
2622,Marcus
2623,Marcus
2624,Marcus
2625,Coronavirucus
2626,Marcus
2627,Marcus
2628,Marcus
2629,Marcus
2630,Marcus
2631,Marcus
2632,Marcus
2633,Marcus
2634,Marcus
2635,Marcus
2636,Marcus
2637,Marcus
2638,Marcus
2639,Marcus
2640,Marcus
2641,Marcus
2642,Marcus
2643,Marcus
2644,Marcus
2645,Marcus
2646,Marcus
2647,Marcus
2648,Marcus
2649,Marcus
2650,Coronavirucus
2651,Marcus
2652,Coronavirucus
2653,Marcus
2654,Marcus
2655,Marcus
2656,Marcus
2657,Marcus
2658,Marcus
2659,Marcus
2660,Marcus
2661,Marcus
2662,Marcus
2663,Marcus
2664,Marcus
2665,Marcus
2666,Marcus
2667,Marcus
2668,Marcus
2669,Marcus
2670,Marcus
2671,Marcus
2672,Marcus
2673,Marcus
2674,Marcus
2675,Marcus
2676,Marcus
2677,Marcus
2678,Marcus
2679,Coronavirucus
2680,Marcus
2681,Marcus
2682,Marcus
2683,Marcus
2684,Marcus
2685,Marcus
2686,Marcus
2687,Marcus
2688,Marcus
2689,Marcus
2690,Marcus
2691,Marcus
2692,Marcus
2693,Marcus
2694,Marcus
2695,Marcus
2696,Marcus
2697,Marcus
2698,Marcus
2699,Marcus
2700,Marcus
2701,Marcus
2702,Marcus
2703,Marcus
2704,Marcus
2705,Marcus
2706,Marcus
2707,Marcus
2708,Marcus
2709,Marcus
2710,Marcus
2711,Marcus
2712,Marcus
2713,Marcus
2714,Marcus
2715,Marcus
2716,Marcus
2717,Marcus
2718,Marcus
2719,Marcus
2720,Marcus
2721,Marcus
2722,Marcus
2723,Marcus
2724,Marcus
2725,Marcus
2726,Marcus
2727,Marcus
2728,Marcus
2729,Marcus
2730,Marcus
2731,Marcus
2732,Marcus
2733,Coronavirucus
2734,Marcus
2735,Marcus
2736,Marcus
2737,Marcus
2738,Marcus
2739,Marcus
2740,Marcus
2741,Marcus
2742,Coronavirucus
2743,Marcus
2744,Marcus
2745,Marcus
2746,Marcus
2747,Marcus
2748,Marcus
2749,Marcus
2750,Marcus
2751,Marcus
2752,Marcus
2753,Marcus
2754,Marcus
2755,Marcus
2756,Marcus
2757,Marcus
2758,Coronavirucus
2759,Marcus
2760,Marcus
2761,Marcus
2762,Marcus
2763,Marcus
2764,Marcus
2765,Marcus
2766,Marcus
2767,Marcus
2768,Marcus
2769,Marcus
2770,Marcus
2771,Marcus
2772,Marcus
2773,Marcus
2774,Marcus
2775,Marcus
2776,Marcus
2777,Marcus
2778,Marcus
2779,Marcus
2780,Marcus
2781,Marcus
2782,Marcus
2783,Marcus
2784,Marcus
2785,Marcus
2786,Marcus
2787,Marcus
2788,Marcus
2789,Marcus
2790,Marcus
2791,Marcus
2792,Marcus
2793,Marcus
2794,Marcus
2795,Marcus
2796,Marcus
2797,Marcus
2798,Marcus
2799,Marcus
2800,Marcus
2801,Marcus
2802,Marcus
2803,Marcus
2804,Marcus
2805,Coronavirucus
2806,Marcus
2807,Marcus
2808,Marcus
2809,Marcus
2810,Marcus
2811,Marcus
2812,Marcus
2813,Coronavirucus
2814,Mongucus
2815,Marcus
2816,Marcus
2817,Marcus
2818,Marcus
2819,Marcus
2820,Marcus
2821,Marcus
2822,Marcus
2823,Marcus
2824,Marcus
2825,Marcus
2826,Marcus
2827,Marcus
2828,Marcus
2829,Marcus
2830,Marcus
2831,Marcus
2832,Marcus
2833,Marcus
2834,Marcus
2835,Marcus
2836,Marcus
2837,Marcus
2838,Marcus
2839,Marcus
2840,Marcus
2841,Coronavirucus
2842,Marcus
2843,Marcus
2844,Marcus
2845,Marcus
2846,Marcus
2847,Marcus
2848,Marcus
2849,Marcus
2850,Marcus
2851,Marcus
2852,Marcus
2853,Marcus
2854,Marcus
2855,Marcus
2856,Marcus
2857,Marcus
2858,Coronavirucus
2859,Marcus
2860,Marcus
2861,Marcus
2862,Marcus
2863,Marcus
2864,Marcus
2865,Marcus
2866,Marcus
2867,Marcus
2868,Marcus
2869,Marcus
2870,Marcus
2871,Marcus
2872,Marcus
2873,Marcus
2874,Marcus
2875,Marcus
2876,Marcus
2877,Marcus
2878,Marcus
2879,Marcus
2880,Marcus
2881,Marcus
2882,Marcus
2883,Marcus
2884,Marcus
2885,Marcus
2886,Marcus
2887,Marcus
2888,Marcus
2889,Marcus
2890,Marcus
2891,Mongucus
2892,Marcus
2893,Marcus
2894,Marcus
2895,Marcus
2896,Marcus
2897,Marcus
2898,Coronavirucus
2899,Marcus
2900,Marcus
2901,Marcus
2902,Marcus
2903,Marcus
2904,Marcus
2905,Marcus
2906,Marcus
2907,Marcus
2908,Marcus
2909,Marcus
2910,Marcus
2911,Marcus
2912,Marcus
2913,Mongucus
2914,Marcus
2915,Marcus
2916,Marcus
2917,Marcus
2918,Marcus
2919,Marcus
2920,Marcus
2921,Marcus
2922,Marcus
2923,Marcus
2924,Marcus
2925,Marcus
2926,Marcus
2927,Mongucus
2928,Marcus
2929,Marcus
2930,Marcus
2931,Marcus
2932,Marcus
2933,Marcus
2934,Marcus
2935,Marcus
2936,Marcus
2937,Marcus
2938,Marcus
2939,Marcus
2940,Marcus
2941,Marcus
2942,Marcus
2943,Marcus
2944,Marcus
2945,Marcus
2946,Marcus
2947,Marcus
2948,Marcus
2949,Marcus
2950,Marcus
2951,Marcus
2952,Marcus
2953,Marcus
2954,Marcus
2955,Marcus
2956,Marcus
2957,Coronavirucus
2958,Marcus
2959,Marcus
2960,Marcus
2961,Marcus
2962,Marcus
2963,Marcus
2964,Marcus
2965,Marcus
2966,Marcus
2967,Marcus
2968,Marcus
2969,Marcus
2970,Coronavirucus
2971,Marcus
2972,Marcus
2973,Marcus
2974,Marcus
2975,Marcus
2976,Coronavirucus
2977,Marcus
2978,Marcus
2979,Marcus
2980,Marcus
2981,Marcus
2982,Marcus
2983,Marcus
2984,Marcus
2985,Marcus
2986,Marcus
2987,Marcus
2988,Marcus
2989,Marcus
2990,Marcus
2991,Marcus
2992,Marcus
2993,Marcus
2994,Marcus
2995,Marcus
2996,Marcus
2997,Coronavirucus
2998,Marcus
2999,Marcus
3000,Marcus
3001,Marcus
3002,Coronavirucus
3003,Marcus
3004,Marcus
3005,Marcus
3006,Marcus
3007,Coronavirucus
3008,Coronavirucus
3009,Marcus
3010,Marcus
3011,Marcus
3012,Marcus
3013,Marcus
3014,Marcus
3015,Marcus
3016,Marcus
3017,Marcus
3018,Marcus
3019,Marcus
3020,Marcus
3021,Coronavirucus
3022,Marcus
3023,Marcus
3024,Marcus
3025,Marcus
3026,Marcus
3027,Marcus
3028,Marcus
3029,Marcus
3030,Coronavirucus
3031,Marcus
3032,Marcus
3033,Coronavirucus
3034,Marcus
3035,Marcus
3036,Marcus
3037,Marcus
3038,Marcus
3039,Marcus
3040,Marcus
3041,Marcus
3042,Marcus
3043,Marcus
3044,Marcus
3045,Marcus
3046,Marcus
3047,Marcus
3048,Marcus
3049,Coronavirucus
3050,Marcus
3051,Marcus
3052,Marcus
3053,Marcus
3054,Mongucus
3055,Marcus
3056,Marcus
3057,Marcus
3058,Marcus
3059,Marcus
3060,Marcus
3061,Marcus
3062,Marcus
3063,Coronavirucus
3064,Marcus
3065,Marcus
3066,Marcus
3067,Coronavirucus
3068,Marcus
3069,Marcus
3070,Marcus
3071,Marcus
3072,Coronavirucus
3073,Marcus
3074,Marcus
3075,Marcus
3076,Marcus
3077,Marcus
3078,Marcus
3079,Coronavirucus
3080,Marcus
3081,Marcus
3082,Marcus
3083,Marcus
3084,Marcus
3085,Marcus
3086,Marcus
3087,Marcus
3088,Coronavirucus
3089,Marcus
3090,Marcus
3091,Marcus
3092,Marcus
3093,Marcus
3094,Marcus
3095,Marcus
3096,Marcus
3097,Marcus
3098,Marcus
3099,Marcus
3100,Marcus
3101,Marcus
3102,Marcus
3103,Marcus
3104,Marcus
3105,Marcus
3106,Marcus
3107,Marcus
3108,Marcus
3109,Coronavirucus
3110,Marcus
3111,Marcus
3112,Marcus
3113,Marcus
3114,Marcus
3115,Marcus
3116,Marcus
3117,Marcus
3118,Marcus
3119,Marcus
3120,Marcus
3121,Marcus
3122,Marcus
3123,Marcus
3124,Coronavirucus
3125,Marcus
3126,Marcus
3127,Marcus
3128,Marcus
3129,Marcus
3130,Marcus
3131,Marcus
3132,Marcus
3133,Coronavirucus
3134,Marcus
3135,Marcus
3136,Marcus
3137,Coronavirucus
3138,Marcus
3139,Coronavirucus
3140,Marcus
3141,Marcus
3142,Coronavirucus
3143,Marcus
3144,Marcus
3145,Marcus
3146,Marcus
3147,Marcus
3148,Marcus
3149,Marcus
3150,Coronavirucus
3151,Marcus
3152,Marcus
3153,Marcus
3154,Marcus
3155,Marcus
3156,Marcus
3157,Marcus
3158,Marcus
3159,Marcus
3160,Marcus
3161,Marcus
3162,Marcus
3163,Coronavirucus
3164,Marcus
3165,Marcus
3166,Marcus
3167,Marcus
3168,Marcus
3169,Marcus
3170,Marcus
3171,Marcus
3172,Marcus
3173,Marcus
3174,Marcus
3175,Marcus
3176,Marcus
3177,Marcus
3178,Marcus
3179,Marcus
3180,Marcus
3181,Marcus
3182,Marcus
3183,Marcus
3184,Marcus
3185,Marcus
3186,Marcus
3187,Marcus
3188,Marcus
3189,Marcus
3190,Marcus
3191,Coronavirucus
3192,Marcus
3193,Marcus
3194,Marcus
3195,Marcus
3196,Marcus
3197,Marcus
3198,Marcus
3199,Marcus
3200,Coronavirucus
3201,Marcus
3202,Marcus
3203,Coronavirucus
3204,Marcus
3205,Marcus
3206,Marcus
3207,Marcus
3208,Marcus
3209,Marcus
3210,Marcus
3211,Marcus
3212,Marcus
3213,Marcus
3214,Marcus
3215,Marcus
3216,Marcus
3217,Marcus
3218,Marcus
3219,Marcus
3220,Marcus
3221,Marcus
3222,Coronavirucus
3223,Marcus
3224,Marcus
3225,Coronavirucus
3226,Marcus
3227,Marcus
3228,Marcus
3229,Marcus
3230,Marcus
3231,Coronavirucus
3232,Marcus
3233,Marcus
3234,Marcus
3235,Marcus
3236,Marcus
3237,Marcus
3238,Marcus
3239,Marcus
3240,Marcus
3241,Marcus
3242,Marcus
3243,Marcus
3244,Marcus
3245,Marcus
3246,Coronavirucus
3247,Marcus
3248,Marcus
3249,Marcus
3250,Marcus
3251,Marcus
3252,Marcus
3253,Marcus
3254,Marcus
3255,Marcus
3256,Marcus
3257,Marcus
3258,Marcus
3259,Marcus
3260,Marcus
3261,Marcus
3262,Marcus
3263,Coronavirucus
3264,Marcus
3265,Marcus
3266,Marcus
3267,Marcus
3268,Marcus
3269,Marcus
3270,Marcus
3271,Coronavirucus
3272,Coronavirucus
3273,Marcus
3274,Marcus
3275,Marcus
3276,Marcus
3277,Marcus
3278,Marcus
3279,Marcus
3280,Marcus
3281,Marcus
3282,Marcus
3283,Marcus
3284,Coronavirucus
3285,Coronavirucus
3286,Marcus
3287,Marcus
3288,Marcus
3289,Marcus
3290,Coronavirucus
3291,Marcus
3292,Marcus
3293,Marcus
3294,Marcus
3295,Marcus
3296,Marcus
3297,Marcus
3298,Marcus
3299,Marcus
3300,Marcus
3301,Marcus
3302,Marcus
3303,Marcus
3304,Marcus
3305,Marcus
3306,Marcus
3307,Marcus
3308,Marcus
3309,Marcus
3310,Marcus
3311,Marcus
3312,Marcus
3313,Marcus
3314,Marcus
3315,Marcus
3316,Marcus
3317,Coronavirucus
3318,Marcus
3319,Marcus
3320,Marcus
3321,Marcus
3322,Coronavirucus
3323,Coronavirucus
3324,Marcus
3325,Marcus
3326,Marcus
3327,Marcus
3328,Marcus
3329,Marcus
3330,Marcus
3331,Marcus
3332,Marcus
3333,Marcus
3334,Marcus
3335,Coronavirucus
3336,Marcus
3337,Marcus
3338,Marcus
3339,Marcus
3340,Marcus
3341,Marcus
3342,Marcus
3343,Marcus
3344,Marcus
3345,Marcus
3346,Marcus
3347,Marcus
3348,Marcus
3349,Coronavirucus
3350,Coronavirucus
3351,Marcus
3352,Marcus
3353,Marcus
3354,Marcus
3355,Marcus
3356,Marcus
3357,Marcus
3358,Marcus
3359,Marcus
3360,Marcus
3361,Marcus
3362,Marcus
3363,Marcus
3364,Marcus
3365,Marcus
3366,Marcus
3367,Marcus
3368,Marcus
3369,Marcus
3370,Marcus
3371,Marcus
3372,Marcus
3373,Marcus
3374,Marcus
3375,Marcus
3376,Marcus
3377,Marcus
3378,Marcus
3379,Marcus
3380,Marcus
3381,Marcus
3382,Coronavirucus
3383,Marcus
3384,Marcus
3385,Marcus
3386,Marcus
3387,Marcus
3388,Marcus
3389,Marcus
3390,Marcus
3391,Marcus
3392,Marcus
3393,Marcus
3394,Marcus
3395,Marcus
3396,Marcus
3397,Marcus
3398,Marcus
3399,Marcus
3400,Marcus
3401,Marcus
3402,Marcus
3403,Marcus
3404,Marcus
3405,Marcus
3406,Marcus
3407,Marcus
3408,Marcus
3409,Marcus
3410,Marcus
3411,Marcus
3412,Marcus
3413,Marcus
3414,Marcus
3415,Marcus
3416,Marcus
3417,Marcus
3418,Marcus
3419,Marcus
3420,Marcus
3421,Marcus
3422,Marcus
3423,Marcus
3424,Marcus
3425,Marcus
3426,Marcus
3427,Marcus
3428,Marcus
3429,Marcus
3430,Marcus
3431,Marcus
3432,Marcus
3433,Marcus
3434,Marcus
3435,Marcus
3436,Marcus
3437,Marcus
3438,Marcus
3439,Marcus
3440,Marcus
3441,Marcus
3442,Marcus
3443,Marcus
3444,Marcus
3445,Marcus
3446,Marcus
3447,Marcus
3448,Marcus
3449,Marcus
3450,Marcus
3451,Marcus
3452,Marcus
3453,Marcus
3454,Coronavirucus
3455,Marcus
3456,Marcus
3457,Marcus
3458,Marcus
3459,Marcus
3460,Marcus
3461,Coronavirucus
3462,Marcus
3463,Coronavirucus
3464,Marcus
3465,Marcus
3466,Marcus
3467,Marcus
3468,Marcus
3469,Marcus
3470,Coronavirucus
3471,Marcus
3472,Marcus
3473,Marcus
3474,Marcus
3475,Marcus
3476,Marcus
3477,Marcus
3478,Marcus
3479,Marcus
3480,Coronavirucus
3481,Marcus
3482,Marcus
3483,Marcus
3484,Marcus
3485,Marcus
3486,Marcus
3487,Marcus
3488,Marcus
3489,Marcus
3490,Marcus
3491,Marcus
3492,Coronavirucus
3493,Marcus
3494,Marcus
3495,Marcus
3496,Marcus
3497,Marcus
3498,Marcus
3499,Marcus
3500,Coronavirucus
3501,Marcus
3502,Marcus
3503,Marcus
3504,Marcus
3505,Marcus
3506,Coronavirucus
3507,Marcus
3508,Marcus
3509,Marcus
3510,Marcus
3511,Marcus
3512,Marcus
3513,Marcus
3514,Marcus
3515,Coronavirucus
3516,Marcus
3517,Marcus
3518,Marcus
3519,Marcus
3520,Marcus
3521,Marcus
3522,Marcus
3523,Marcus
3524,Marcus
3525,Marcus
3526,Marcus
3527,Marcus
3528,Marcus
3529,Marcus
3530,Marcus
3531,Marcus
3532,Marcus
3533,Marcus
3534,Marcus
3535,Marcus
3536,Marcus
3537,Marcus
3538,Marcus
3539,Marcus
3540,Marcus
3541,Marcus
3542,Marcus
3543,Marcus
3544,Marcus
3545,Marcus
3546,Marcus
3547,Coronavirucus
3548,Marcus
3549,Marcus
3550,Marcus
3551,Marcus
3552,Marcus
3553,Marcus
3554,Marcus
3555,Marcus
3556,Marcus
3557,Marcus
3558,Marcus
3559,Marcus
3560,Marcus
3561,Marcus
3562,Marcus
3563,Marcus
3564,Marcus
3565,Marcus
3566,Marcus
3567,Coronavirucus
3568,Marcus
3569,Marcus
3570,Marcus
3571,Marcus
3572,Marcus
3573,Marcus
3574,Marcus
3575,Marcus
3576,Marcus
3577,Marcus
3578,Marcus
3579,Marcus
3580,Marcus
3581,Coronavirucus
3582,Marcus
3583,Marcus
3584,Marcus
3585,Marcus
3586,Marcus
3587,Marcus
3588,Marcus
3589,Marcus
3590,Coronavirucus
3591,Marcus
3592,Marcus
3593,Marcus
3594,Marcus
3595,Marcus
3596,Marcus
3597,Marcus
3598,Coronavirucus
3599,Marcus
3600,Marcus
3601,Marcus
3602,Marcus
3603,Marcus
3604,Marcus
3605,Marcus
3606,Coronavirucus
3607,Marcus
3608,Marcus
3609,Marcus
3610,Marcus
3611,Marcus
3612,Marcus
3613,Marcus
3614,Marcus
3615,Marcus
3616,Marcus
3617,Marcus
3618,Coronavirucus
3619,Marcus
3620,Marcus
3621,Marcus
3622,Marcus
3623,Marcus
3624,Marcus
3625,Marcus
3626,Marcus
3627,Marcus
3628,Marcus
3629,Marcus
3630,Marcus
3631,Marcus
3632,Marcus
3633,Coronavirucus
3634,Marcus
3635,Marcus
3636,Marcus
3637,Marcus
3638,Marcus
3639,Marcus
3640,Marcus
3641,Marcus
3642,Coronavirucus
3643,Marcus
3644,Marcus
3645,Marcus
3646,Marcus
3647,Marcus
3648,Coronavirucus
3649,Marcus
3650,Coronavirucus
3651,Marcus
3652,Marcus
3653,Marcus
3654,Coronavirucus
3655,Coronavirucus
3656,Marcus
3657,Marcus
3658,Marcus
3659,Marcus
3660,Marcus
3661,Marcus
3662,Coronavirucus
3663,Marcus
3664,Marcus
3665,Mongucus
3666,Marcus
3667,Marcus
3668,Marcus
3669,Marcus
3670,Coronavirucus
3671,Marcus
3672,Marcus
3673,Marcus
3674,Marcus
3675,Marcus
3676,Marcus
3677,Marcus
3678,Marcus
3679,Marcus
3680,Marcus
3681,Coronavirucus
3682,Marcus
3683,Coronavirucus
3684,Marcus
3685,Marcus
3686,Marcus
3687,Marcus
3688,Marcus
3689,Marcus
3690,Marcus
3691,Marcus
3692,Coronavirucus
3693,Marcus
3694,Marcus
3695,Marcus
3696,Marcus
3697,Coronavirucus
3698,Marcus
3699,Marcus
3700,Marcus
3701,Marcus
3702,Marcus
3703,Marcus
3704,Marcus
3705,Marcus
3706,Marcus
3707,Marcus
3708,Marcus
3709,Marcus
3710,Marcus
3711,Marcus
3712,Marcus
3713,Marcus
3714,Marcus
3715,Marcus
3716,Marcus
3717,Marcus
3718,Marcus
3719,Marcus
3720,Marcus
3721,Marcus
3722,Marcus
3723,Marcus
3724,Marcus
3725,Marcus
3726,Marcus
3727,Marcus
3728,Coronavirucus
3729,Marcus
3730,Marcus
3731,Coronavirucus
3732,Marcus
3733,Marcus
3734,Marcus
3735,Coronavirucus
3736,Marcus
3737,Marcus
3738,Marcus
3739,Marcus
3740,Marcus
3741,Marcus
3742,Marcus
3743,Marcus
3744,Marcus
3745,Marcus
3746,Marcus
3747,Marcus
3748,Marcus
3749,Marcus
3750,Marcus
3751,Marcus
3752,Marcus
3753,Marcus
3754,Marcus
3755,Marcus
3756,Marcus
3757,Marcus
3758,Coronavirucus
3759,Marcus
3760,Marcus
3761,Marcus
3762,Marcus
3763,Marcus
3764,Marcus
3765,Marcus
3766,Marcus
3767,Marcus
3768,Marcus
3769,Marcus
3770,Marcus
3771,Marcus
3772,Marcus
3773,Marcus
3774,Marcus
3775,Marcus
3776,Marcus
3777,Marcus
3778,Marcus
3779,Marcus
3780,Coronavirucus
3781,Coronavirucus
3782,Marcus
3783,Marcus
3784,Marcus
3785,Marcus
3786,Coronavirucus
3787,Marcus
3788,Marcus
3789,Marcus
3790,Marcus
3791,Marcus
3792,Marcus
3793,Marcus
3794,Marcus
3795,Marcus
3796,Marcus
3797,Coronavirucus
3798,Marcus
3799,Marcus
3800,Marcus
3801,Marcus
3802,Coronavirucus
3803,Marcus
3804,Marcus
3805,Marcus
3806,Coronavirucus
3807,Marcus
3808,Marcus
3809,Marcus
3810,Marcus
3811,Marcus
3812,Marcus
3813,Marcus
3814,Coronavirucus
3815,Marcus
3816,Marcus
3817,Marcus
3818,Mongucus
3819,Marcus
3820,Marcus
3821,Marcus
3822,Marcus
3823,Marcus
3824,Marcus
3825,Marcus
3826,Marcus
3827,Marcus
3828,Marcus
3829,Marcus
3830,Marcus
3831,Coronavirucus
3832,Coronavirucus
3833,Marcus
3834,Marcus
3835,Marcus
3836,Marcus
3837,Marcus
3838,Coronavirucus
3839,Marcus
3840,Marcus
3841,Marcus
3842,Marcus
3843,Marcus
3844,Marcus
3845,Marcus
3846,Marcus
3847,Marcus
3848,Marcus
3849,Marcus
3850,Marcus
3851,Marcus
3852,Marcus
3853,Marcus
3854,Marcus
3855,Marcus
3856,Marcus
3857,Marcus
3858,Marcus
3859,Marcus
3860,Marcus
3861,Marcus
3862,Marcus
3863,Marcus
3864,Marcus
3865,Marcus
3866,Marcus
3867,Marcus
3868,Marcus
3869,Coronavirucus
3870,Marcus
3871,Marcus
3872,Marcus
3873,Marcus
3874,Marcus
3875,Marcus
3876,Marcus
3877,Marcus
3878,Marcus
3879,Marcus
3880,Marcus
3881,Marcus
3882,Marcus
3883,Marcus
3884,Marcus
3885,Marcus
3886,Marcus
3887,Marcus
3888,Marcus
3889,Marcus
3890,Marcus
3891,Marcus
3892,Marcus
3893,Marcus
3894,Marcus
3895,Marcus
3896,Coronavirucus
3897,Marcus
3898,Marcus
3899,Marcus
3900,Marcus
3901,Marcus
3902,Marcus
3903,Marcus
3904,Marcus
3905,Marcus
3906,Marcus
3907,Marcus
3908,Marcus
3909,Marcus
3910,Marcus
3911,Marcus
3912,Marcus
3913,Marcus
3914,Marcus
3915,Marcus
3916,Mongucus
3917,Marcus
3918,Mongucus
3919,Marcus
3920,Marcus
3921,Coronavirucus
3922,Marcus
3923,Marcus
3924,Marcus
3925,Marcus
3926,Marcus
3927,Marcus
3928,Marcus
3929,Marcus
3930,Marcus
3931,Marcus
3932,Marcus
3933,Marcus
3934,Marcus
3935,Marcus
3936,Marcus
3937,Marcus
3938,Marcus
3939,Marcus
3940,Coronavirucus
3941,Marcus
3942,Marcus
3943,Marcus
3944,Marcus
3945,Marcus
3946,Marcus
3947,Coronavirucus
3948,Marcus
3949,Marcus
3950,Marcus
3951,Marcus
3952,Marcus
3953,Marcus
3954,Coronavirucus
3955,Marcus
3956,Marcus
3957,Coronavirucus
3958,Marcus
3959,Marcus
3960,Marcus
3961,Marcus
3962,Marcus
3963,Marcus
3964,Marcus
3965,Marcus
3966,Coronavirucus
3967,Marcus
3968,Marcus
3969,Marcus
3970,Marcus
3971,Marcus
3972,Marcus
3973,Marcus
3974,Marcus
3975,Marcus
3976,Marcus
3977,Coronavirucus
3978,Marcus
3979,Marcus
3980,Marcus
3981,Marcus
3982,Marcus
3983,Marcus
3984,Marcus
3985,Marcus
3986,Marcus
3987,Marcus
3988,Coronavirucus
3989,Marcus
3990,Marcus
3991,Marcus
3992,Marcus
3993,Marcus
3994,Marcus
3995,Coronavirucus
3996,Marcus
3997,Marcus
3998,Marcus
3999,Marcus
4000,Marcus
4001,Marcus
4002,Marcus
4003,Marcus
4004,Coronavirucus
4005,Marcus
4006,Marcus
4007,Marcus
4008,Marcus
4009,Marcus
4010,Marcus
4011,Marcus
4012,Marcus
4013,Marcus
4014,Marcus
4015,Coronavirucus
4016,Marcus
4017,Marcus
4018,Marcus
4019,Marcus
4020,Marcus
4021,Marcus
4022,Marcus
4023,Marcus
4024,Marcus
4025,Marcus
4026,Marcus
4027,Marcus
4028,Marcus
4029,Marcus
4030,Marcus
4031,Marcus
4032,Marcus
4033,Marcus
4034,Marcus
4035,Marcus
4036,Marcus
4037,Marcus
4038,Marcus
4039,Marcus
4040,Marcus
4041,Marcus
4042,Marcus
4043,Marcus
4044,Coronavirucus
4045,Marcus
4046,Marcus
4047,Marcus
4048,Marcus
4049,Marcus
4050,Marcus
4051,Marcus
4052,Marcus
4053,Marcus
4054,Marcus
4055,Marcus
4056,Marcus
4057,Marcus
4058,Marcus
4059,Marcus
4060,Marcus
4061,Marcus
4062,Coronavirucus
4063,Marcus
4064,Marcus
4065,Marcus
4066,Marcus
4067,Marcus
4068,Marcus
4069,Marcus
4070,Marcus
4071,Marcus
4072,Marcus
4073,Marcus
4074,Marcus
4075,Marcus
4076,Marcus
4077,Marcus
4078,Marcus
4079,Marcus
4080,Marcus
4081,Marcus
4082,Coronavirucus
4083,Marcus
4084,Coronavirucus
4085,Marcus
4086,Marcus
4087,Marcus
4088,Marcus
4089,Marcus
4090,Marcus
4091,Marcus
4092,Marcus
4093,Marcus
4094,Marcus
4095,Marcus
4096,Marcus
4097,Marcus
4098,Marcus
4099,Marcus
4100,Marcus
4101,Marcus
4102,Marcus
4103,Marcus
4104,Marcus
4105,Marcus
4106,Marcus
4107,Marcus
4108,Marcus
4109,Marcus
4110,Marcus
4111,Marcus
4112,Marcus
4113,Marcus
4114,Marcus
4115,Marcus
4116,Marcus
4117,Marcus
4118,Coronavirucus
4119,Marcus
4120,Marcus
4121,Marcus
4122,Marcus
4123,Coronavirucus
4124,Marcus
4125,Marcus
4126,Marcus
4127,Marcus
4128,Coronavirucus
4129,Marcus
4130,Marcus
4131,Marcus
4132,Marcus
4133,Marcus
4134,Marcus
4135,Marcus
4136,Marcus
4137,Marcus
4138,Marcus
4139,Marcus
4140,Marcus
4141,Marcus
4142,Marcus
4143,Marcus
4144,Marcus
4145,Marcus
4146,Marcus
4147,Marcus
4148,Marcus
4149,Marcus
4150,Marcus
4151,Marcus
4152,Marcus
4153,Marcus
4154,Marcus
4155,Marcus
4156,Marcus
4157,Marcus
4158,Marcus
4159,Marcus
4160,Marcus
4161,Marcus
4162,Marcus
4163,Marcus
4164,Marcus
4165,Marcus
4166,Marcus
4167,Marcus
4168,Marcus
4169,Marcus
4170,Marcus
4171,Marcus
4172,Marcus
4173,Marcus
4174,Marcus
4175,Marcus
4176,Marcus
4177,Marcus
4178,Marcus
4179,Marcus
4180,Marcus
4181,Coronavirucus
4182,Marcus
4183,Marcus
4184,Marcus
4185,Marcus
4186,Marcus
4187,Marcus
4188,Marcus
4189,Marcus
4190,Marcus
4191,Marcus
4192,Marcus
4193,Marcus
4194,Marcus
4195,Marcus
4196,Marcus
4197,Marcus
4198,Marcus
4199,Marcus
4200,Marcus
4201,Marcus
4202,Marcus
4203,Marcus
4204,Marcus
4205,Marcus
4206,Marcus
4207,Marcus
4208,Marcus
4209,Marcus
4210,Coronavirucus
4211,Marcus
4212,Marcus
4213,Marcus
4214,Marcus
4215,Marcus
4216,Marcus
4217,Coronavirucus
4218,Marcus
4219,Marcus
4220,Marcus
4221,Marcus
4222,Marcus
4223,Marcus
4224,Marcus
4225,Coronavirucus
4226,Marcus
4227,Marcus
4228,Marcus
4229,Marcus
4230,Marcus
4231,Marcus
4232,Marcus
4233,Marcus
4234,Marcus
4235,Marcus
4236,Marcus
4237,Marcus
4238,Marcus
4239,Marcus
4240,Marcus
4241,Marcus
4242,Marcus
4243,Coronavirucus
4244,Marcus
4245,Marcus
4246,Marcus
4247,Marcus
4248,Marcus
4249,Marcus
4250,Marcus
4251,Marcus
4252,Marcus
4253,Marcus
4254,Marcus
4255,Marcus
4256,Marcus
4257,Marcus
4258,Marcus
4259,Marcus
4260,Marcus
4261,Marcus
4262,Marcus
4263,Marcus
4264,Marcus
4265,Marcus
4266,Marcus
4267,Marcus
4268,Marcus
4269,Marcus
4270,Marcus
4271,Coronavirucus
4272,Marcus
4273,Marcus
4274,Marcus
4275,Marcus
4276,Marcus
4277,Marcus
4278,Coronavirucus
4279,Marcus
4280,Marcus
4281,Marcus
4282,Marcus
4283,Marcus
4284,Marcus
4285,Marcus
4286,Marcus
4287,Marcus
4288,Marcus
4289,Marcus
4290,Marcus
4291,Coronavirucus
4292,Marcus
4293,Marcus
4294,Marcus
4295,Marcus
4296,Marcus
4297,Marcus
4298,Marcus
4299,Marcus
4300,Marcus
4301,Coronavirucus
4302,Marcus
4303,Coronavirucus
4304,Marcus
4305,Marcus
4306,Marcus
4307,Marcus
4308,Marcus
4309,Marcus
4310,Marcus
4311,Marcus
4312,Marcus
4313,Marcus
4314,Marcus
4315,Marcus
4316,Marcus
4317,Marcus
4318,Marcus
4319,Marcus
4320,Marcus
4321,Marcus
4322,Marcus
4323,Marcus
4324,Marcus
4325,Marcus
4326,Marcus
4327,Marcus
4328,Marcus
4329,Marcus
4330,Marcus
4331,Marcus
4332,Marcus
4333,Marcus
4334,Marcus
4335,Marcus
4336,Marcus
4337,Marcus
4338,Marcus
4339,Marcus
4340,Marcus
4341,Marcus
4342,Marcus
4343,Marcus
4344,Marcus
4345,Marcus
4346,Coronavirucus
4347,Marcus
4348,Marcus
4349,Marcus
4350,Marcus
4351,Marcus
4352,Marcus
4353,Marcus
4354,Marcus
4355,Marcus
4356,Marcus
4357,Marcus
4358,Marcus
4359,Marcus
4360,Marcus
4361,Marcus
4362,Marcus
4363,Coronavirucus
4364,Marcus
4365,Coronavirucus
4366,Marcus
4367,Marcus
4368,Marcus
4369,Marcus
4370,Marcus
4371,Marcus
4372,Marcus
4373,Marcus
4374,Marcus
4375,Marcus
4376,Marcus
4377,Marcus
4378,Marcus
4379,Coronavirucus
4380,Marcus
4381,Marcus
4382,Coronavirucus
4383,Marcus
4384,Coronavirucus
4385,Marcus
4386,Marcus
4387,Marcus
4388,Marcus
4389,Marcus
4390,Marcus
4391,Marcus
4392,Marcus
4393,Marcus
4394,Mongucus
4395,Marcus
4396,Marcus
4397,Marcus
4398,Marcus
4399,Marcus
4400,Marcus
4401,Marcus
4402,Marcus
4403,Marcus
4404,Marcus
4405,Marcus
4406,Marcus
4407,Marcus
4408,Marcus
4409,Marcus
4410,Marcus
4411,Marcus
4412,Marcus
4413,Marcus
4414,Marcus
4415,Marcus
4416,Marcus
4417,Marcus
4418,Marcus
4419,Marcus
4420,Coronavirucus
4421,Marcus
4422,Coronavirucus
4423,Marcus
4424,Marcus
4425,Marcus
4426,Marcus
4427,Marcus
4428,Marcus
4429,Marcus
4430,Marcus
4431,Marcus
4432,Marcus
4433,Marcus
4434,Marcus
4435,Marcus
4436,Marcus
4437,Marcus
4438,Marcus
4439,Marcus
4440,Marcus
4441,Marcus
4442,Marcus
4443,Marcus
4444,Marcus
4445,Marcus
4446,Marcus
4447,Marcus
4448,Marcus
4449,Coronavirucus
4450,Marcus
4451,Marcus
4452,Marcus
4453,Marcus
4454,Marcus
4455,Marcus
4456,Marcus
4457,Coronavirucus
4458,Marcus
4459,Marcus
4460,Marcus
4461,Marcus
4462,Marcus
4463,Marcus
4464,Marcus
4465,Marcus
4466,Marcus
4467,Marcus
4468,Marcus
4469,Marcus
4470,Marcus
4471,Marcus
4472,Marcus
4473,Marcus
4474,Marcus
4475,Marcus
4476,Marcus
4477,Marcus
4478,Coronavirucus
4479,Coronavirucus
4480,Marcus
4481,Coronavirucus
4482,Marcus
4483,Marcus
4484,Marcus
4485,Marcus
4486,Marcus
4487,Marcus
4488,Marcus
4489,Marcus
4490,Marcus
4491,Marcus
4492,Marcus
4493,Marcus
4494,Marcus
4495,Marcus
4496,Marcus
4497,Marcus
4498,Marcus
4499,Marcus
4500,Marcus
4501,Marcus
4502,Marcus
4503,Marcus
4504,Marcus
4505,Marcus
4506,Marcus
4507,Marcus
4508,Coronavirucus
4509,Marcus
4510,Marcus
4511,Marcus
4512,Marcus
4513,Marcus
4514,Marcus
4515,Marcus
4516,Marcus
4517,Marcus
4518,Marcus
4519,Marcus
4520,Coronavirucus
4521,Marcus
4522,Marcus
4523,Marcus
4524,Marcus
4525,Coronavirucus
4526,Marcus
4527,Marcus
4528,Marcus
4529,Marcus
4530,Marcus
4531,Coronavirucus
4532,Marcus
4533,Marcus
4534,Marcus
4535,Coronavirucus
4536,Marcus
4537,Marcus
4538,Marcus
4539,Marcus
4540,Mongucus
4541,Marcus
4542,Marcus
4543,Coronavirucus
4544,Marcus
4545,Marcus
4546,Marcus
4547,Marcus
4548,Marcus
4549,Marcus
4550,Marcus
4551,Marcus
4552,Marcus
4553,Marcus
4554,Coronavirucus
4555,Marcus
4556,Marcus
4557,Marcus
4558,Marcus
4559,Marcus
4560,Marcus
4561,Marcus
4562,Marcus
4563,Marcus
4564,Marcus
4565,Marcus
4566,Marcus
4567,Marcus
4568,Marcus
4569,Marcus
4570,Marcus
4571,Marcus
4572,Marcus
4573,Marcus
4574,Marcus
4575,Coronavirucus
4576,Marcus
4577,Marcus
4578,Marcus
4579,Marcus
4580,Marcus
4581,Marcus
4582,Marcus
4583,Marcus
4584,Marcus
4585,Marcus
4586,Marcus
4587,Marcus
4588,Marcus
4589,Marcus
4590,Marcus
4591,Marcus
4592,Marcus
4593,Marcus
4594,Marcus
4595,Marcus
4596,Marcus
4597,Marcus
4598,Marcus
4599,Marcus
4600,Marcus
4601,Coronavirucus
4602,Marcus
4603,Marcus
4604,Marcus
4605,Marcus
4606,Marcus
4607,Marcus
4608,Marcus
4609,Marcus
4610,Marcus
4611,Marcus
4612,Marcus
4613,Marcus
4614,Marcus
4615,Marcus
4616,Marcus
4617,Marcus
4618,Coronavirucus
4619,Marcus
4620,Marcus
4621,Marcus
4622,Marcus
4623,Marcus
4624,Marcus
4625,Marcus
4626,Marcus
4627,Marcus
4628,Marcus
4629,Marcus
4630,Marcus
4631,Marcus
4632,Marcus
4633,Marcus
4634,Marcus
4635,Marcus
4636,Marcus
4637,Marcus
4638,Marcus
4639,Marcus
4640,Marcus
4641,Marcus
4642,Marcus
4643,Marcus
4644,Marcus
4645,Marcus
4646,Marcus
4647,Marcus
4648,Marcus
4649,Marcus
4650,Marcus
4651,Marcus
4652,Marcus
4653,Marcus
4654,Marcus
4655,Marcus
4656,Marcus
4657,Marcus
4658,Marcus
4659,Marcus
4660,Marcus
4661,Marcus
4662,Marcus
4663,Marcus
4664,Marcus
4665,Marcus
4666,Marcus
4667,Marcus
4668,Marcus
4669,Marcus
4670,Marcus
4671,Marcus
4672,Marcus
4673,Marcus
4674,Coronavirucus
4675,Marcus
4676,Marcus
4677,Marcus
4678,Marcus
4679,Marcus
4680,Marcus
4681,Marcus
4682,Marcus
4683,Marcus
4684,Coronavirucus
4685,Marcus
4686,Marcus
4687,Marcus
4688,Marcus
4689,Marcus
4690,Coronavirucus
4691,Marcus
4692,Marcus
4693,Marcus
4694,Marcus
4695,Marcus
4696,Marcus
4697,Marcus
4698,Marcus
4699,Coronavirucus
4700,Marcus
4701,Marcus
4702,Marcus
4703,Marcus
4704,Marcus
4705,Marcus
4706,Marcus
4707,Marcus
4708,Marcus
4709,Marcus
4710,Marcus
4711,Marcus
4712,Marcus
4713,Marcus
4714,Marcus
4715,Marcus
4716,Marcus
4717,Marcus
4718,Marcus
4719,Marcus
4720,Marcus
4721,Marcus
4722,Marcus
4723,Marcus
4724,Marcus
4725,Marcus
4726,Marcus
4727,Marcus
4728,Marcus
4729,Marcus
4730,Marcus
4731,Marcus
4732,Marcus
4733,Marcus
4734,Mongucus
4735,Marcus
4736,Marcus
4737,Marcus
4738,Marcus
4739,Marcus
4740,Marcus
4741,Marcus
4742,Marcus
4743,Marcus
4744,Coronavirucus
4745,Marcus
4746,Marcus
4747,Marcus
4748,Marcus
4749,Marcus
4750,Marcus
4751,Coronavirucus
4752,Marcus
4753,Marcus
4754,Marcus
4755,Marcus
4756,Marcus
4757,Marcus
4758,Marcus
4759,Marcus
4760,Marcus
4761,Marcus
4762,Marcus
4763,Marcus
4764,Marcus
4765,Marcus
4766,Marcus
4767,Marcus
4768,Marcus
4769,Marcus
4770,Marcus
4771,Marcus
4772,Marcus
4773,Marcus
4774,Marcus
4775,Marcus
4776,Marcus
4777,Marcus
4778,Marcus
4779,Marcus
4780,Marcus
4781,Marcus
4782,Marcus
4783,Marcus
4784,Marcus
4785,Marcus
4786,Marcus
4787,Marcus
4788,Marcus
4789,Marcus
4790,Marcus
4791,Marcus
4792,Marcus
4793,Marcus
4794,Marcus
4795,Coronavirucus
4796,Coronavirucus
4797,Marcus
4798,Marcus
4799,Marcus
4800,Marcus
4801,Marcus
4802,Marcus
4803,Coronavirucus
4804,Marcus
4805,Marcus
4806,Marcus
4807,Marcus
4808,Marcus
4809,Marcus
4810,Marcus
4811,Marcus
4812,Marcus
4813,Marcus
4814,Marcus
4815,Marcus
4816,Marcus
4817,Marcus
4818,Marcus
4819,Marcus
4820,Marcus
4821,Marcus
4822,Marcus
4823,Marcus
4824,Marcus
4825,Marcus
4826,Marcus
4827,Marcus
4828,Marcus
4829,Marcus
4830,Marcus
4831,Marcus
4832,Coronavirucus
4833,Marcus
4834,Marcus
4835,Marcus
4836,Marcus
4837,Marcus
4838,Marcus
4839,Marcus
4840,Marcus
4841,Marcus
4842,Marcus
4843,Coronavirucus
4844,Marcus
4845,Marcus
4846,Marcus
4847,Marcus
4848,Marcus
4849,Marcus
4850,Marcus
4851,Marcus
4852,Marcus
4853,Marcus
4854,Marcus
4855,Coronavirucus
4856,Marcus
4857,Marcus
4858,Marcus
4859,Coronavirucus
4860,Marcus
4861,Marcus
4862,Marcus
4863,Marcus
4864,Marcus
4865,Marcus
4866,Marcus
4867,Marcus
4868,Marcus
4869,Marcus
4870,Marcus
4871,Marcus
4872,Marcus
4873,Marcus
4874,Marcus
4875,Marcus
4876,Coronavirucus
4877,Marcus
4878,Marcus
4879,Marcus
4880,Marcus
4881,Marcus
4882,Marcus
4883,Marcus
4884,Marcus
4885,Marcus
4886,Marcus
4887,Coronavirucus
4888,Marcus
4889,Marcus
4890,Coronavirucus
4891,Marcus
4892,Marcus
4893,Marcus
4894,Marcus
4895,Coronavirucus
4896,Marcus
4897,Marcus
4898,Coronavirucus
4899,Marcus
4900,Coronavirucus
4901,Marcus
4902,Marcus
4903,Marcus
4904,Marcus
4905,Marcus
4906,Coronavirucus
4907,Marcus
4908,Marcus
4909,Marcus
4910,Coronavirucus
4911,Marcus
4912,Coronavirucus
4913,Marcus
4914,Marcus
4915,Marcus
4916,Marcus
4917,Marcus
4918,Marcus
4919,Marcus
4920,Marcus
4921,Marcus
4922,Marcus
4923,Marcus
4924,Marcus
4925,Marcus
4926,Marcus
4927,Coronavirucus
4928,Marcus
4929,Marcus
4930,Coronavirucus
4931,Marcus
4932,Marcus
4933,Marcus
4934,Marcus
4935,Marcus
4936,Coronavirucus
4937,Marcus
4938,Marcus
4939,Marcus
4940,Marcus
4941,Marcus
4942,Marcus
4943,Marcus
4944,Marcus
4945,Marcus
4946,Marcus
4947,Marcus
4948,Marcus
4949,Marcus
4950,Marcus
4951,Marcus
4952,Coronavirucus
4953,Marcus
4954,Marcus
4955,Marcus
4956,Marcus
4957,Marcus
4958,Marcus
4959,Marcus
4960,Marcus
4961,Marcus
4962,Marcus
4963,Marcus
4964,Marcus
4965,Marcus
4966,Marcus
4967,Marcus
4968,Marcus
4969,Marcus
4970,Marcus
4971,Marcus
4972,Marcus
4973,Marcus
4974,Marcus
4975,Marcus
4976,Marcus
4977,Marcus
4978,Marcus
4979,Marcus
4980,Marcus
4981,Coronavirucus
4982,Marcus
4983,Marcus
4984,Marcus
4985,Marcus
4986,Marcus
4987,Marcus
4988,Marcus
4989,Marcus
4990,Marcus
4991,Marcus
4992,Marcus
4993,Marcus
4994,Marcus
4995,Marcus
4996,Coronavirucus
4997,Marcus
4998,Marcus
4999,Marcus
5000,Marcus
5001,Marcus
5002,Marcus
5003,Marcus
5004,Marcus
5005,Marcus
5006,Marcus
5007,Marcus
5008,Marcus
5009,Marcus
5010,Marcus
5011,Marcus
5012,Marcus
5013,Marcus
5014,Marcus
5015,Marcus
5016,Marcus
5017,Marcus
5018,Coronavirucus
5019,Marcus
5020,Marcus
5021,Marcus
5022,Marcus
5023,Marcus
5024,Marcus
5025,Marcus
5026,Marcus
5027,Marcus
5028,Marcus
5029,Marcus
5030,Marcus
5031,Marcus
5032,Marcus
5033,Marcus
5034,Marcus
5035,Marcus
5036,Marcus
5037,Marcus
5038,Marcus
5039,Marcus
5040,Marcus
5041,Marcus
5042,Marcus
5043,Marcus
5044,Marcus
5045,Marcus
5046,Marcus
5047,Marcus
5048,Marcus
5049,Marcus
5050,Marcus
5051,Marcus
5052,Marcus
5053,Marcus
5054,Marcus
5055,Marcus
5056,Marcus
5057,Marcus
5058,Marcus
5059,Marcus
5060,Marcus
5061,Marcus
5062,Marcus
5063,Marcus
5064,Marcus
5065,Marcus
5066,Marcus
5067,Marcus
5068,Marcus
5069,Marcus
5070,Coronavirucus
5071,Marcus
5072,Marcus
5073,Marcus
5074,Marcus
5075,Marcus
5076,Marcus
5077,Marcus
5078,Coronavirucus
5079,Marcus
5080,Marcus
5081,Marcus
5082,Marcus
5083,Marcus
5084,Marcus
5085,Marcus
5086,Marcus
5087,Marcus
5088,Marcus
5089,Marcus
5090,Marcus
5091,Marcus
5092,Marcus
5093,Marcus
5094,Marcus
5095,Marcus
5096,Marcus
5097,Marcus
5098,Marcus
5099,Coronavirucus
5100,Marcus
5101,Marcus
5102,Marcus
5103,Marcus
5104,Marcus
5105,Marcus
5106,Marcus
5107,Marcus
5108,Marcus
5109,Coronavirucus
5110,Marcus
5111,Marcus
5112,Marcus
5113,Marcus
5114,Marcus
5115,Marcus
5116,Marcus
5117,Marcus
5118,Marcus
5119,Marcus
5120,Marcus
5121,Marcus
5122,Marcus
5123,Marcus
5124,Marcus
5125,Marcus
5126,Marcus
5127,Marcus
5128,Marcus
5129,Marcus
5130,Marcus
5131,Marcus
5132,Marcus
5133,Marcus
5134,Marcus
5135,Marcus
5136,Marcus
5137,Marcus
5138,Marcus
5139,Marcus
5140,Marcus
5141,Marcus
5142,Marcus
5143,Marcus
5144,Marcus
5145,Marcus
5146,Marcus
5147,Marcus
5148,Marcus
5149,Marcus
5150,Marcus
5151,Marcus
5152,Marcus
5153,Marcus
5154,Marcus
5155,Marcus
5156,Marcus
5157,Marcus
5158,Marcus
5159,Marcus
5160,Marcus
5161,Marcus
5162,Marcus
5163,Marcus
5164,Coronavirucus
5165,Marcus
5166,Marcus
5167,Marcus
5168,Marcus
5169,Marcus
5170,Marcus
5171,Marcus
5172,Marcus
5173,Marcus
5174,Marcus
5175,Marcus
5176,Marcus
5177,Marcus
5178,Marcus
5179,Marcus
5180,Marcus
5181,Marcus
5182,Marcus
5183,Marcus
5184,Marcus
5185,Coronavirucus
5186,Marcus
5187,Marcus
5188,Marcus
5189,Marcus
5190,Marcus
5191,Marcus
5192,Marcus
5193,Marcus
5194,Marcus
5195,Marcus
5196,Marcus
5197,Marcus
5198,Marcus
5199,Marcus
5200,Marcus
5201,Marcus
5202,Marcus
5203,Marcus
5204,Marcus
5205,Coronavirucus
5206,Marcus
5207,Marcus
5208,Marcus
5209,Marcus
5210,Marcus
5211,Coronavirucus
5212,Marcus
5213,Marcus
5214,Marcus
5215,Marcus
5216,Marcus
5217,Marcus
5218,Marcus
5219,Marcus
5220,Marcus
5221,Marcus
5222,Marcus
5223,Marcus
5224,Marcus
5225,Marcus
5226,Marcus
5227,Marcus
5228,Coronavirucus
5229,Marcus
5230,Marcus
5231,Marcus
5232,Marcus
5233,Marcus
5234,Marcus
5235,Coronavirucus
5236,Marcus
5237,Marcus
5238,Marcus
5239,Marcus
5240,Marcus
5241,Marcus
5242,Marcus
5243,Marcus
5244,Marcus
5245,Marcus
5246,Marcus
5247,Marcus
5248,Marcus
5249,Marcus
5250,Coronavirucus
5251,Marcus
5252,Marcus
5253,Marcus
5254,Marcus
5255,Marcus
5256,Marcus
5257,Marcus
5258,Marcus
5259,Marcus
5260,Marcus
5261,Coronavirucus
5262,Marcus
5263,Coronavirucus
5264,Marcus
5265,Marcus
5266,Marcus
5267,Marcus
5268,Marcus
5269,Marcus
5270,Marcus
5271,Marcus
5272,Marcus
5273,Marcus
5274,Marcus
5275,Marcus
5276,Marcus
5277,Marcus
5278,Marcus
5279,Marcus
5280,Marcus
5281,Marcus
5282,Marcus
5283,Marcus
5284,Marcus
5285,Marcus
5286,Marcus
5287,Marcus
5288,Marcus
5289,Marcus
5290,Marcus
5291,Marcus
5292,Marcus
5293,Marcus
5294,Coronavirucus
5295,Coronavirucus
5296,Marcus
5297,Marcus
5298,Marcus
5299,Marcus
5300,Marcus
5301,Marcus
5302,Marcus
5303,Marcus
5304,Coronavirucus
5305,Coronavirucus
5306,Marcus
5307,Marcus
5308,Marcus
5309,Marcus
5310,Marcus
5311,Marcus
5312,Marcus
5313,Marcus
5314,Marcus
5315,Marcus
5316,Marcus
5317,Marcus
5318,Coronavirucus
5319,Marcus
5320,Marcus
5321,Marcus
5322,Marcus
5323,Marcus
5324,Marcus
5325,Marcus
5326,Marcus
5327,Marcus
5328,Marcus
5329,Marcus
5330,Marcus
5331,Marcus
5332,Marcus
5333,Marcus
5334,Marcus
5335,Marcus
5336,Marcus
5337,Marcus
5338,Marcus
5339,Marcus
5340,Coronavirucus
5341,Marcus
5342,Marcus
5343,Marcus
5344,Marcus
5345,Marcus
5346,Marcus
5347,Marcus
5348,Coronavirucus
5349,Marcus
5350,Marcus
5351,Marcus
5352,Marcus
5353,Marcus
5354,Marcus
5355,Marcus
5356,Marcus
5357,Marcus
5358,Marcus
5359,Marcus
5360,Coronavirucus
5361,Marcus
5362,Marcus
5363,Marcus
5364,Marcus
5365,Marcus
5366,Marcus
5367,Marcus
5368,Marcus
5369,Marcus
5370,Marcus
5371,Marcus
5372,Marcus
5373,Marcus
5374,Coronavirucus
5375,Marcus
5376,Marcus
5377,Marcus
5378,Marcus
5379,Marcus
5380,Marcus
5381,Marcus
5382,Marcus
5383,Marcus
5384,Marcus
5385,Marcus
5386,Marcus
5387,Marcus
5388,Marcus
5389,Marcus
5390,Marcus
5391,Marcus
5392,Marcus
5393,Coronavirucus
5394,Marcus
5395,Marcus
5396,Marcus
5397,Marcus
5398,Marcus
5399,Marcus
5400,Marcus
5401,Marcus
5402,Marcus
5403,Marcus
5404,Marcus
5405,Marcus
5406,Marcus
5407,Marcus
5408,Marcus
5409,Marcus
5410,Marcus
5411,Marcus
5412,Marcus
5413,Marcus
5414,Marcus
5415,Marcus
5416,Marcus
5417,Marcus
5418,Coronavirucus
5419,Marcus
5420,Marcus
5421,Marcus
5422,Marcus
5423,Marcus
5424,Marcus
5425,Coronavirucus
5426,Marcus
5427,Marcus
5428,Marcus
5429,Marcus
5430,Marcus
5431,Marcus
5432,Marcus
5433,Marcus
5434,Marcus
5435,Marcus
5436,Coronavirucus
5437,Marcus
5438,Marcus
5439,Marcus
5440,Marcus
5441,Marcus
5442,Marcus
5443,Marcus
5444,Marcus
5445,Marcus
5446,Marcus
5447,Marcus
5448,Marcus
5449,Marcus
5450,Coronavirucus
5451,Marcus
5452,Marcus
5453,Marcus
5454,Marcus
5455,Marcus
5456,Marcus
5457,Coronavirucus
5458,Marcus
5459,Coronavirucus
5460,Marcus
5461,Marcus
5462,Marcus
5463,Marcus
5464,Marcus
5465,Marcus
5466,Marcus
5467,Marcus
5468,Marcus
5469,Marcus
5470,Marcus
5471,Marcus
5472,Marcus
5473,Marcus
5474,Marcus
5475,Marcus
5476,Marcus
5477,Marcus
5478,Marcus
5479,Marcus
5480,Marcus
5481,Marcus
5482,Marcus
5483,Marcus
5484,Marcus
5485,Marcus
5486,Marcus
5487,Marcus
5488,Marcus
5489,Marcus
5490,Marcus
5491,Marcus
5492,Marcus
5493,Marcus
5494,Marcus
5495,Marcus
5496,Marcus
5497,Marcus
5498,Marcus
5499,Marcus
5500,Marcus
5501,Marcus
5502,Marcus
5503,Marcus
5504,Coronavirucus
5505,Marcus
5506,Marcus
5507,Marcus
5508,Marcus
5509,Marcus
5510,Coronavirucus
5511,Marcus
5512,Marcus
5513,Marcus
5514,Marcus
5515,Marcus
5516,Marcus
5517,Marcus
5518,Marcus
5519,Marcus
5520,Marcus
5521,Marcus
5522,Marcus
5523,Marcus
5524,Marcus
5525,Marcus
5526,Marcus
5527,Marcus
5528,Marcus
5529,Marcus
5530,Marcus
5531,Marcus
5532,Marcus
5533,Marcus
5534,Marcus
5535,Marcus
5536,Marcus
5537,Marcus
5538,Marcus
5539,Marcus
5540,Marcus
5541,Marcus
5542,Marcus
5543,Marcus
5544,Marcus
5545,Marcus
5546,Marcus
5547,Marcus
5548,Marcus
5549,Marcus
5550,Marcus
5551,Marcus
5552,Marcus
5553,Marcus
5554,Marcus
5555,Marcus
5556,Marcus
5557,Marcus
5558,Marcus
5559,Marcus
5560,Marcus
5561,Marcus
5562,Marcus
5563,Marcus
5564,Marcus
5565,Marcus
5566,Marcus
5567,Marcus
5568,Marcus
5569,Marcus
5570,Coronavirucus
5571,Marcus
5572,Marcus
5573,Marcus
5574,Marcus
5575,Marcus
5576,Marcus
5577,Coronavirucus
5578,Marcus
5579,Marcus
5580,Marcus
5581,Coronavirucus
5582,Marcus
5583,Marcus
5584,Marcus
5585,Marcus
5586,Marcus
5587,Marcus
5588,Marcus
5589,Marcus
5590,Marcus
5591,Marcus
5592,Coronavirucus
5593,Marcus
5594,Marcus
5595,Marcus
5596,Marcus
5597,Marcus
5598,Marcus
5599,Coronavirucus
5600,Marcus
5601,Marcus
5602,Marcus
5603,Marcus
5604,Mongucus
5605,Marcus
5606,Marcus
5607,Marcus
5608,Coronavirucus
5609,Marcus
5610,Marcus
5611,Marcus
5612,Marcus
5613,Marcus
5614,Marcus
5615,Marcus
5616,Marcus
5617,Marcus
5618,Marcus
5619,Marcus
5620,Marcus
5621,Marcus
5622,Marcus
5623,Coronavirucus
5624,Marcus
5625,Coronavirucus
5626,Marcus
5627,Marcus
5628,Marcus
5629,Marcus
5630,Marcus
5631,Marcus
5632,Marcus
5633,Marcus
5634,Marcus
5635,Marcus
5636,Marcus
5637,Marcus
5638,Marcus
5639,Marcus
5640,Marcus
5641,Marcus
5642,Marcus
5643,Marcus
5644,Marcus
5645,Marcus
5646,Marcus
5647,Marcus
5648,Marcus
5649,Marcus
5650,Coronavirucus
5651,Marcus
5652,Marcus
5653,Marcus
5654,Coronavirucus
5655,Marcus
5656,Marcus
5657,Marcus
5658,Coronavirucus
5659,Marcus
5660,Marcus
5661,Marcus
5662,Marcus
5663,Marcus
5664,Coronavirucus
5665,Marcus
5666,Marcus
5667,Marcus
5668,Marcus
5669,Marcus
5670,Marcus
5671,Coronavirucus
5672,Marcus
5673,Marcus
5674,Marcus
5675,Marcus
5676,Marcus
5677,Marcus
5678,Marcus
5679,Marcus
5680,Marcus
5681,Marcus
5682,Marcus
5683,Coronavirucus
5684,Marcus
5685,Marcus
5686,Marcus
5687,Marcus
5688,Marcus
5689,Marcus
5690,Marcus
5691,Marcus
5692,Marcus
5693,Marcus
5694,Marcus
5695,Marcus
5696,Marcus
5697,Marcus
5698,Marcus
5699,Marcus
5700,Coronavirucus
5701,Marcus
5702,Marcus
5703,Marcus
5704,Marcus
5705,Marcus
5706,Marcus
5707,Marcus
5708,Marcus
5709,Marcus
5710,Marcus
5711,Marcus
5712,Marcus
5713,Marcus
5714,Marcus
5715,Marcus
5716,Marcus
5717,Marcus
5718,Marcus
5719,Mongucus
5720,Marcus
5721,Marcus
5722,Marcus
5723,Marcus
5724,Marcus
5725,Marcus
5726,Marcus
5727,Marcus
5728,Marcus
5729,Marcus
5730,Marcus
5731,Marcus
5732,Marcus
5733,Marcus
5734,Marcus
5735,Marcus
5736,Marcus
5737,Marcus
5738,Marcus
5739,Marcus
5740,Marcus
5741,Marcus
5742,Marcus
5743,Marcus
5744,Marcus
5745,Marcus
5746,Marcus
5747,Marcus
5748,Marcus
5749,Marcus
5750,Marcus
5751,Marcus
5752,Marcus
5753,Marcus
5754,Coronavirucus
5755,Coronavirucus
5756,Marcus
5757,Marcus
5758,Marcus
5759,Marcus
5760,Marcus
5761,Marcus
5762,Marcus
5763,Marcus
5764,Marcus
5765,Marcus
5766,Marcus
5767,Marcus
5768,Marcus
5769,Marcus
5770,Marcus
5771,Marcus
5772,Marcus
5773,Marcus
5774,Marcus
5775,Marcus
5776,Coronavirucus
5777,Coronavirucus
5778,Marcus
5779,Marcus
5780,Marcus
5781,Marcus
5782,Marcus
5783,Marcus
5784,Marcus
5785,Marcus
5786,Marcus
5787,Marcus
5788,Marcus
5789,Marcus
5790,Marcus
5791,Marcus
5792,Marcus
5793,Marcus
5794,Marcus
5795,Marcus
5796,Marcus
5797,Marcus
5798,Marcus
5799,Marcus
5800,Coronavirucus
5801,Marcus
5802,Marcus
5803,Marcus
5804,Marcus
5805,Marcus
5806,Marcus
5807,Mongucus
5808,Marcus
5809,Marcus
5810,Marcus
5811,Marcus
5812,Marcus
5813,Marcus
5814,Marcus
5815,Marcus
5816,Marcus
5817,Coronavirucus
5818,Marcus
5819,Marcus
5820,Marcus
5821,Marcus
5822,Marcus
5823,Marcus
5824,Marcus
5825,Marcus
5826,Marcus
5827,Marcus
5828,Marcus
5829,Marcus
5830,Marcus
5831,Marcus
5832,Marcus
5833,Marcus
5834,Coronavirucus
5835,Marcus
5836,Marcus
5837,Marcus
5838,Marcus
5839,Marcus
5840,Marcus
5841,Marcus
5842,Marcus
5843,Marcus
5844,Marcus
5845,Marcus
5846,Marcus
5847,Marcus
5848,Marcus
5849,Marcus
5850,Marcus
5851,Marcus
5852,Marcus
5853,Marcus
5854,Marcus
5855,Marcus
5856,Marcus
5857,Marcus
5858,Marcus
5859,Marcus
5860,Coronavirucus
5861,Marcus
5862,Marcus
5863,Marcus
5864,Marcus
5865,Marcus
5866,Marcus
5867,Marcus
5868,Marcus
5869,Marcus
5870,Marcus
5871,Marcus
5872,Marcus
5873,Marcus
5874,Marcus
5875,Coronavirucus
5876,Marcus
5877,Marcus
5878,Marcus
5879,Marcus
5880,Coronavirucus
5881,Marcus
5882,Marcus
5883,Marcus
5884,Marcus
5885,Marcus
5886,Marcus
5887,Marcus
5888,Marcus
5889,Marcus
5890,Coronavirucus
5891,Marcus
5892,Marcus
5893,Marcus
5894,Marcus
5895,Marcus
5896,Marcus
5897,Marcus
5898,Marcus
5899,Marcus
5900,Marcus
5901,Coronavirucus
5902,Marcus
5903,Marcus
5904,Marcus
5905,Marcus
5906,Marcus
5907,Marcus
5908,Marcus
5909,Marcus
5910,Marcus
5911,Coronavirucus
5912,Marcus
5913,Marcus
5914,Marcus
5915,Marcus
5916,Marcus
5917,Marcus
5918,Marcus
5919,Marcus
5920,Marcus
5921,Marcus
5922,Marcus
5923,Coronavirucus
5924,Marcus
5925,Marcus
5926,Marcus
5927,Marcus
5928,Marcus
5929,Marcus
5930,Marcus
5931,Marcus
5932,Coronavirucus
5933,Marcus
5934,Marcus
5935,Marcus
5936,Marcus
5937,Marcus
5938,Marcus
5939,Marcus
5940,Marcus
5941,Marcus
5942,Marcus
5943,Marcus
5944,Marcus
5945,Marcus
5946,Marcus
5947,Marcus
5948,Marcus
5949,Marcus
5950,Marcus
5951,Marcus
5952,Marcus
5953,Marcus
5954,Marcus
5955,Marcus
5956,Marcus
5957,Marcus
5958,Marcus
5959,Coronavirucus
5960,Marcus
5961,Marcus
5962,Marcus
5963,Marcus
5964,Marcus
5965,Marcus
5966,Marcus
5967,Marcus
5968,Marcus
5969,Marcus
5970,Marcus
5971,Marcus
5972,Marcus
5973,Marcus
5974,Marcus
5975,Marcus
5976,Marcus
5977,Coronavirucus
5978,Marcus
5979,Marcus
5980,Marcus
5981,Marcus
5982,Marcus
5983,Mongucus
5984,Marcus
5985,Marcus
5986,Marcus
5987,Marcus
5988,Marcus
5989,Marcus
5990,Marcus
5991,Marcus
5992,Marcus
5993,Marcus
5994,Coronavirucus
5995,Marcus
5996,Marcus
5997,Marcus
5998,Marcus
5999,Marcus
6000,Marcus
6001,Marcus
6002,Marcus
6003,Coronavirucus
6004,Marcus
6005,Marcus
6006,Marcus
6007,Marcus
6008,Marcus
6009,Marcus
6010,Marcus
6011,Marcus
6012,Marcus
6013,Marcus
6014,Marcus
6015,Marcus
6016,Marcus
6017,Marcus
6018,Marcus
6019,Marcus
6020,Marcus
6021,Marcus
6022,Marcus
6023,Marcus
6024,Marcus
6025,Marcus
6026,Marcus
6027,Marcus
6028,Marcus
6029,Marcus
6030,Marcus
6031,Marcus
6032,Marcus
6033,Marcus
6034,Marcus
6035,Marcus
6036,Coronavirucus
6037,Marcus
6038,Coronavirucus
6039,Marcus
6040,Marcus
6041,Marcus
6042,Marcus
6043,Marcus
6044,Marcus
6045,Marcus
6046,Marcus
6047,Marcus
6048,Marcus
6049,Marcus
6050,Marcus
6051,Marcus
6052,Marcus
6053,Marcus
6054,Marcus
6055,Marcus
6056,Marcus
6057,Marcus
6058,Marcus
6059,Marcus
6060,Marcus
6061,Coronavirucus
6062,Marcus
6063,Marcus
6064,Marcus
6065,Marcus
6066,Marcus
6067,Marcus
6068,Marcus
6069,Marcus
6070,Coronavirucus
6071,Marcus
6072,Marcus
6073,Marcus
6074,Marcus
6075,Coronavirucus
6076,Marcus
6077,Marcus
6078,Marcus
6079,Marcus
6080,Marcus
6081,Marcus
6082,Marcus
6083,Marcus
6084,Coronavirucus
6085,Marcus
6086,Marcus
6087,Marcus
6088,Marcus
6089,Marcus
6090,Marcus
6091,Marcus
6092,Marcus
6093,Marcus
6094,Marcus
6095,Marcus
6096,Marcus
6097,Marcus
6098,Marcus
6099,Marcus
6100,Marcus
6101,Marcus
6102,Marcus
6103,Marcus
6104,Marcus
6105,Marcus
6106,Coronavirucus
6107,Marcus
6108,Marcus
6109,Marcus
6110,Coronavirucus
6111,Marcus
6112,Marcus
6113,Marcus
6114,Marcus
6115,Marcus
6116,Marcus
6117,Marcus
6118,Coronavirucus
6119,Marcus
6120,Marcus
6121,Marcus
6122,Marcus
6123,Marcus
6124,Marcus
6125,Marcus
6126,Marcus
6127,Marcus
6128,Marcus
6129,Coronavirucus
6130,Marcus
6131,Marcus
6132,Marcus
6133,Marcus
6134,Marcus
6135,Marcus
6136,Marcus
6137,Marcus
6138,Marcus
6139,Marcus
6140,Marcus
6141,Marcus
6142,Marcus
6143,Marcus
6144,Marcus
6145,Marcus
6146,Marcus
6147,Marcus
6148,Marcus
6149,Marcus
6150,Marcus
6151,Marcus
6152,Marcus
6153,Marcus
6154,Marcus
6155,Marcus
6156,Marcus
6157,Marcus
6158,Marcus
6159,Marcus
6160,Marcus
6161,Marcus
6162,Marcus
6163,Marcus
6164,Marcus
6165,Marcus
6166,Marcus
6167,Marcus
6168,Marcus
6169,Marcus
6170,Marcus
6171,Marcus
6172,Marcus
6173,Marcus
6174,Marcus
6175,Marcus
6176,Mongucus
6177,Marcus
6178,Marcus
6179,Marcus
6180,Marcus
6181,Marcus
6182,Coronavirucus
6183,Marcus
6184,Marcus
6185,Marcus
6186,Marcus
6187,Marcus
6188,Marcus
6189,Marcus
6190,Marcus
6191,Marcus
6192,Marcus
6193,Marcus
6194,Marcus
6195,Marcus
6196,Marcus
6197,Marcus
6198,Marcus
6199,Coronavirucus
6200,Marcus
6201,Marcus
6202,Marcus
6203,Marcus
6204,Marcus
6205,Marcus
6206,Marcus
6207,Marcus
6208,Marcus
6209,Marcus
6210,Coronavirucus
6211,Marcus
6212,Marcus
6213,Marcus
6214,Marcus
6215,Marcus
6216,Marcus
6217,Marcus
6218,Marcus
6219,Coronavirucus
6220,Marcus
6221,Marcus
6222,Marcus
6223,Marcus
6224,Marcus
6225,Marcus
6226,Marcus
6227,Marcus
6228,Marcus
6229,Coronavirucus
6230,Marcus
6231,Marcus
6232,Marcus
6233,Marcus
6234,Marcus
6235,Coronavirucus
6236,Marcus
6237,Marcus
6238,Marcus
6239,Marcus
6240,Marcus
6241,Marcus
6242,Marcus
6243,Marcus
6244,Marcus
6245,Marcus
6246,Marcus
6247,Marcus
6248,Marcus
6249,Marcus
6250,Marcus
6251,Marcus
6252,Marcus
6253,Marcus
6254,Marcus
6255,Marcus
6256,Coronavirucus
6257,Marcus
6258,Marcus
6259,Marcus
6260,Marcus
6261,Marcus
6262,Marcus
6263,Marcus
6264,Marcus
6265,Marcus
6266,Marcus
6267,Marcus
6268,Marcus
6269,Marcus
6270,Marcus
6271,Marcus
6272,Marcus
6273,Marcus
6274,Marcus
6275,Marcus
6276,Marcus
6277,Mongucus
6278,Marcus
6279,Marcus
6280,Marcus
6281,Marcus
6282,Marcus
6283,Marcus
6284,Marcus
6285,Marcus
6286,Marcus
6287,Marcus
6288,Marcus
6289,Marcus
6290,Marcus
6291,Marcus
6292,Marcus
6293,Marcus
6294,Marcus
6295,Coronavirucus
6296,Marcus
6297,Marcus
6298,Marcus
6299,Marcus
6300,Coronavirucus
6301,Marcus
6302,Marcus
6303,Marcus
6304,Marcus
6305,Marcus
6306,Coronavirucus
6307,Marcus
6308,Coronavirucus
6309,Marcus
6310,Marcus
6311,Marcus
6312,Coronavirucus
6313,Marcus
6314,Marcus
6315,Marcus
6316,Marcus
6317,Marcus
6318,Marcus
6319,Marcus
6320,Marcus
6321,Marcus
6322,Marcus
6323,Marcus
6324,Marcus
6325,Marcus
6326,Marcus
6327,Marcus
6328,Marcus
6329,Marcus
6330,Marcus
6331,Marcus
6332,Marcus
6333,Marcus
6334,Marcus
6335,Marcus
6336,Marcus
6337,Marcus
6338,Marcus
6339,Marcus
6340,Marcus
6341,Marcus
6342,Marcus
6343,Marcus
6344,Marcus
6345,Marcus
6346,Marcus
6347,Marcus
6348,Marcus
6349,Coronavirucus
6350,Marcus
6351,Marcus
6352,Marcus
6353,Marcus
6354,Marcus
6355,Marcus
6356,Marcus
6357,Marcus
6358,Marcus
6359,Marcus
6360,Marcus
6361,Marcus
6362,Coronavirucus
6363,Coronavirucus
6364,Marcus
6365,Marcus
6366,Marcus
6367,Marcus
6368,Marcus
6369,Marcus
6370,Marcus
6371,Marcus
6372,Marcus
6373,Marcus
6374,Marcus
6375,Marcus
6376,Marcus
6377,Marcus
6378,Marcus
6379,Marcus
6380,Coronavirucus
6381,Marcus
6382,Marcus
6383,Marcus
6384,Marcus
6385,Marcus
6386,Marcus
6387,Marcus
6388,Marcus
6389,Marcus
6390,Marcus
6391,Marcus
6392,Marcus
6393,Marcus
6394,Marcus
6395,Coronavirucus
6396,Marcus
6397,Marcus
6398,Marcus
6399,Marcus
6400,Marcus
6401,Mongucus
6402,Marcus
6403,Marcus
6404,Marcus
6405,Marcus
6406,Marcus
6407,Marcus
6408,Marcus
6409,Marcus
6410,Marcus
6411,Marcus
6412,Marcus
6413,Coronavirucus
6414,Marcus
6415,Marcus
6416,Coronavirucus
6417,Marcus
6418,Marcus
6419,Marcus
6420,Marcus
6421,Marcus
6422,Marcus
6423,Coronavirucus
6424,Marcus
6425,Marcus
6426,Marcus
6427,Marcus
6428,Marcus
6429,Marcus
6430,Marcus
6431,Marcus
6432,Marcus
6433,Marcus
6434,Marcus
6435,Marcus
6436,Marcus
6437,Marcus
6438,Coronavirucus
6439,Coronavirucus
6440,Marcus
6441,Coronavirucus
6442,Marcus
6443,Marcus
6444,Marcus
6445,Marcus
6446,Marcus
6447,Marcus
6448,Marcus
6449,Marcus
6450,Marcus
6451,Marcus
6452,Marcus
6453,Marcus
6454,Marcus
6455,Coronavirucus
6456,Marcus
6457,Marcus
6458,Marcus
6459,Marcus
6460,Marcus
6461,Marcus
6462,Marcus
6463,Marcus
6464,Marcus
6465,Marcus
6466,Marcus
6467,Marcus
6468,Coronavirucus
6469,Coronavirucus
6470,Marcus
6471,Marcus
6472,Marcus
6473,Marcus
6474,Marcus
6475,Marcus
6476,Marcus
6477,Marcus
6478,Marcus
6479,Marcus
6480,Marcus
6481,Marcus
6482,Marcus
6483,Marcus
6484,Marcus
6485,Marcus
6486,Marcus
6487,Coronavirucus
6488,Marcus
6489,Marcus
6490,Marcus
6491,Marcus
6492,Marcus
6493,Marcus
6494,Coronavirucus
6495,Marcus
6496,Marcus
6497,Marcus
6498,Marcus
6499,Marcus
6500,Marcus
6501,Marcus
6502,Marcus
6503,Marcus
6504,Marcus
6505,Coronavirucus
6506,Marcus
6507,Marcus
6508,Marcus
6509,Marcus
6510,Marcus
6511,Marcus
6512,Marcus
6513,Marcus
6514,Marcus
6515,Marcus
6516,Marcus
6517,Marcus
6518,Marcus
6519,Marcus
6520,Marcus
6521,Marcus
6522,Marcus
6523,Marcus
6524,Marcus
6525,Coronavirucus
6526,Marcus
6527,Marcus
6528,Marcus
6529,Marcus
6530,Coronavirucus
6531,Marcus
6532,Marcus
6533,Marcus
6534,Marcus
6535,Marcus
6536,Marcus
6537,Coronavirucus
6538,Marcus
6539,Marcus
6540,Marcus
6541,Marcus
6542,Marcus
6543,Marcus
6544,Marcus
6545,Marcus
6546,Marcus
6547,Marcus
6548,Marcus
6549,Marcus
6550,Marcus
6551,Marcus
6552,Marcus
6553,Marcus
6554,Marcus
6555,Marcus
6556,Marcus
6557,Marcus
6558,Marcus
6559,Marcus
6560,Marcus
6561,Marcus
6562,Marcus
6563,Marcus
6564,Marcus
6565,Marcus
6566,Marcus
6567,Marcus
6568,Marcus
6569,Marcus
6570,Marcus
6571,Marcus
6572,Marcus
6573,Marcus
6574,Marcus
6575,Marcus
6576,Marcus
6577,Marcus
6578,Coronavirucus
6579,Coronavirucus
6580,Marcus
6581,Marcus
6582,Coronavirucus
6583,Marcus
6584,Marcus
6585,Marcus
6586,Marcus
6587,Coronavirucus
6588,Coronavirucus
6589,Marcus
6590,Marcus
6591,Marcus
6592,Marcus
6593,Marcus
6594,Marcus
6595,Marcus
6596,Marcus
6597,Marcus
6598,Marcus
6599,Marcus
6600,Coronavirucus
6601,Marcus
6602,Marcus
6603,Marcus
6604,Coronavirucus
6605,Marcus
6606,Marcus
6607,Marcus
6608,Marcus
6609,Coronavirucus
6610,Coronavirucus
6611,Marcus
6612,Marcus
6613,Marcus
6614,Marcus
6615,Coronavirucus
6616,Marcus
6617,Marcus
6618,Coronavirucus
6619,Marcus
6620,Marcus
6621,Marcus
6622,Marcus
6623,Marcus
6624,Coronavirucus
6625,Marcus
6626,Marcus
6627,Coronavirucus
6628,Marcus
6629,Marcus
6630,Marcus
6631,Marcus
6632,Marcus
6633,Marcus
6634,Marcus
6635,Marcus
6636,Marcus
6637,Marcus
6638,Marcus
6639,Marcus
6640,Coronavirucus
6641,Marcus
6642,Marcus
6643,Marcus
6644,Marcus
6645,Marcus
6646,Marcus
6647,Marcus
6648,Marcus
6649,Marcus
6650,Marcus
6651,Marcus
6652,Marcus
6653,Marcus
6654,Marcus
6655,Marcus
6656,Marcus
6657,Marcus
6658,Marcus
6659,Marcus
6660,Marcus
6661,Marcus
6662,Marcus
6663,Marcus
6664,Marcus
6665,Marcus
6666,Marcus
6667,Marcus
6668,Marcus
6669,Marcus
6670,Marcus
6671,Coronavirucus
6672,Marcus
6673,Marcus
6674,Coronavirucus
6675,Marcus
6676,Marcus
6677,Marcus
6678,Marcus
6679,Marcus
6680,Marcus
6681,Marcus
6682,Coronavirucus
6683,Marcus
6684,Marcus
6685,Marcus
6686,Coronavirucus
6687,Marcus
6688,Marcus
6689,Coronavirucus
6690,Marcus
6691,Marcus
6692,Marcus
6693,Marcus
6694,Marcus
6695,Marcus
6696,Marcus
6697,Marcus
6698,Coronavirucus
6699,Marcus
6700,Marcus
6701,Marcus
6702,Marcus
6703,Coronavirucus
6704,Marcus
6705,Marcus
6706,Marcus
6707,Marcus
6708,Marcus
6709,Marcus
6710,Marcus
6711,Marcus
6712,Marcus
6713,Marcus
6714,Marcus
6715,Marcus
6716,Marcus
6717,Marcus
6718,Marcus
6719,Marcus
6720,Marcus
6721,Marcus
6722,Marcus
6723,Marcus
6724,Marcus
6725,Mongucus
6726,Marcus
6727,Marcus
6728,Marcus
6729,Marcus
6730,Marcus
6731,Marcus
6732,Marcus
6733,Marcus
6734,Marcus
6735,Marcus
6736,Marcus
6737,Marcus
6738,Marcus
6739,Marcus
6740,Marcus
6741,Marcus
6742,Marcus
6743,Marcus
6744,Marcus
6745,Marcus
6746,Marcus
6747,Marcus
6748,Marcus
6749,Marcus
6750,Marcus
6751,Coronavirucus
6752,Marcus
6753,Marcus
6754,Marcus
6755,Marcus
6756,Marcus
6757,Marcus
6758,Marcus
6759,Coronavirucus
6760,Marcus
6761,Marcus
6762,Marcus
6763,Marcus
6764,Marcus
6765,Marcus
6766,Marcus
6767,Marcus
6768,Marcus
6769,Marcus
6770,Marcus
6771,Marcus
6772,Marcus
6773,Marcus
6774,Marcus
6775,Marcus
6776,Marcus
6777,Marcus
6778,Marcus
6779,Marcus
6780,Marcus
6781,Marcus
6782,Marcus
6783,Marcus
6784,Coronavirucus
6785,Marcus
6786,Marcus
6787,Marcus
6788,Marcus
6789,Marcus
6790,Marcus
6791,Marcus
6792,Marcus
6793,Marcus
6794,Marcus
6795,Marcus
6796,Marcus
6797,Marcus
6798,Marcus
6799,Marcus
6800,Marcus
6801,Marcus
6802,Marcus
6803,Marcus
6804,Marcus
6805,Marcus
6806,Marcus
6807,Marcus
6808,Marcus
6809,Coronavirucus
6810,Marcus
6811,Marcus
6812,Marcus
6813,Marcus
6814,Marcus
6815,Marcus
6816,Marcus
6817,Marcus
6818,Marcus
6819,Coronavirucus
6820,Marcus
6821,Marcus
6822,Marcus
6823,Marcus
6824,Marcus
6825,Marcus
6826,Marcus
6827,Marcus
6828,Marcus
6829,Marcus
6830,Marcus
6831,Marcus
6832,Marcus
6833,Marcus
6834,Marcus
6835,Marcus
6836,Marcus
6837,Marcus
6838,Marcus
6839,Marcus
6840,Marcus
6841,Marcus
6842,Marcus
6843,Marcus
6844,Marcus
6845,Marcus
6846,Marcus
6847,Marcus
6848,Marcus
6849,Marcus
6850,Marcus
6851,Marcus
6852,Marcus
6853,Marcus
6854,Marcus
6855,Marcus
6856,Marcus
6857,Marcus
6858,Marcus
6859,Marcus
6860,Marcus
6861,Marcus
6862,Marcus
6863,Marcus
6864,Marcus
6865,Marcus
6866,Marcus
6867,Marcus
6868,Marcus
6869,Marcus
6870,Marcus
6871,Marcus
6872,Marcus
6873,Marcus
6874,Marcus
6875,Marcus
6876,Marcus
6877,Marcus
6878,Marcus
6879,Marcus
6880,Marcus
6881,Marcus
6882,Marcus
6883,Marcus
6884,Marcus
6885,Marcus
6886,Marcus
6887,Marcus
6888,Marcus
6889,Marcus
6890,Marcus
6891,Marcus
6892,Marcus
6893,Marcus
6894,Marcus
6895,Marcus
6896,Marcus
6897,Marcus
6898,Marcus
6899,Marcus
6900,Marcus
6901,Marcus
6902,Marcus
6903,Marcus
6904,Marcus
6905,Marcus
6906,Marcus
6907,Marcus
6908,Marcus
6909,Coronavirucus
6910,Marcus
6911,Marcus
6912,Marcus
6913,Marcus
6914,Marcus
6915,Marcus
6916,Marcus
6917,Marcus
6918,Marcus
6919,Marcus
6920,Marcus
6921,Marcus
6922,Marcus
6923,Marcus
6924,Marcus
6925,Marcus
6926,Marcus
6927,Marcus
6928,Marcus
6929,Marcus
6930,Marcus
6931,Coronavirucus
6932,Marcus
6933,Marcus
6934,Marcus
6935,Marcus
6936,Marcus
6937,Marcus
6938,Marcus
6939,Marcus
6940,Marcus
6941,Marcus
6942,Marcus
6943,Marcus
6944,Marcus
6945,Marcus
6946,Coronavirucus
6947,Marcus
6948,Marcus
6949,Coronavirucus
6950,Marcus
6951,Marcus
6952,Marcus
6953,Marcus
6954,Marcus
6955,Marcus
6956,Marcus
6957,Marcus
6958,Marcus
6959,Marcus
6960,Marcus
6961,Marcus
6962,Marcus
6963,Marcus
6964,Marcus
6965,Marcus
6966,Marcus
6967,Marcus
6968,Marcus
6969,Marcus
6970,Coronavirucus
6971,Marcus
6972,Marcus
6973,Marcus
6974,Marcus
6975,Coronavirucus
6976,Marcus
6977,Marcus
6978,Marcus
6979,Marcus
6980,Marcus
6981,Marcus
6982,Coronavirucus
6983,Marcus
6984,Marcus
6985,Marcus
6986,Marcus
6987,Marcus
6988,Marcus
6989,Marcus
6990,Marcus
6991,Marcus
6992,Marcus
6993,Marcus
6994,Marcus
6995,Marcus
6996,Mongucus
6997,Coronavirucus
6998,Marcus
6999,Marcus
7000,Marcus
7001,Marcus
7002,Marcus
7003,Marcus
7004,Marcus
7005,Marcus
7006,Marcus
7007,Marcus
7008,Marcus
7009,Marcus
7010,Marcus
7011,Marcus
7012,Marcus
7013,Marcus
7014,Marcus
7015,Marcus
7016,Marcus
7017,Marcus
7018,Coronavirucus
7019,Marcus
7020,Marcus
7021,Marcus
7022,Marcus
7023,Marcus
7024,Marcus
7025,Coronavirucus
7026,Marcus
7027,Marcus
7028,Marcus
7029,Marcus
7030,Coronavirucus
7031,Marcus
7032,Marcus
7033,Marcus
7034,Marcus
7035,Marcus
7036,Marcus
7037,Marcus
7038,Marcus
7039,Marcus
7040,Marcus
7041,Marcus
7042,Marcus
7043,Marcus
7044,Marcus
7045,Marcus
7046,Marcus
7047,Coronavirucus
7048,Marcus
7049,Marcus
7050,Marcus
7051,Marcus
7052,Marcus
7053,Marcus
7054,Coronavirucus
7055,Marcus
7056,Marcus
7057,Marcus
7058,Marcus
7059,Coronavirucus
7060,Marcus
7061,Marcus
7062,Marcus
7063,Marcus
7064,Marcus
7065,Marcus
7066,Marcus
7067,Marcus
7068,Marcus
7069,Marcus
7070,Marcus
7071,Marcus
7072,Marcus
7073,Marcus
7074,Marcus
7075,Marcus
7076,Marcus
7077,Marcus
7078,Marcus
7079,Marcus
7080,Marcus
7081,Marcus
7082,Marcus
7083,Marcus
7084,Coronavirucus
7085,Marcus
7086,Marcus
7087,Marcus
7088,Marcus
7089,Marcus
7090,Marcus
7091,Marcus
7092,Marcus
7093,Marcus
7094,Marcus
7095,Marcus
7096,Marcus
7097,Marcus
7098,Marcus
7099,Marcus
7100,Coronavirucus
7101,Marcus
7102,Marcus
7103,Marcus
7104,Marcus
7105,Coronavirucus
7106,Marcus
7107,Marcus
7108,Marcus
7109,Marcus
7110,Marcus
7111,Marcus
7112,Marcus
7113,Marcus
7114,Marcus
7115,Marcus
7116,Marcus
7117,Marcus
7118,Marcus
7119,Marcus
7120,Marcus
7121,Marcus
7122,Marcus
7123,Marcus
7124,Coronavirucus
7125,Coronavirucus
7126,Marcus
7127,Marcus
7128,Marcus
7129,Marcus
7130,Marcus
7131,Marcus
7132,Marcus
7133,Coronavirucus
7134,Marcus
7135,Marcus
7136,Marcus
7137,Marcus
7138,Marcus
7139,Marcus
7140,Marcus
7141,Marcus
7142,Marcus
7143,Marcus
7144,Marcus
7145,Marcus
7146,Marcus
7147,Marcus
7148,Marcus
7149,Marcus
7150,Marcus
7151,Marcus
7152,Marcus
7153,Coronavirucus
7154,Marcus
7155,Marcus
7156,Marcus
7157,Marcus
7158,Marcus
7159,Marcus
7160,Marcus
7161,Marcus
7162,Marcus
7163,Marcus
7164,Marcus
7165,Marcus
7166,Marcus
7167,Coronavirucus
7168,Coronavirucus
7169,Marcus
7170,Marcus
7171,Marcus
7172,Marcus
7173,Marcus
7174,Marcus
7175,Marcus
7176,Marcus
7177,Marcus
7178,Marcus
7179,Marcus
7180,Coronavirucus
7181,Coronavirucus
7182,Marcus
7183,Marcus
7184,Marcus
7185,Marcus
7186,Marcus
7187,Marcus
7188,Marcus
7189,Marcus
7190,Marcus
7191,Coronavirucus
7192,Marcus
7193,Marcus
7194,Marcus
7195,Marcus
7196,Marcus
7197,Marcus
7198,Marcus
7199,Marcus
7200,Marcus
7201,Marcus
7202,Marcus
7203,Marcus
7204,Coronavirucus
7205,Marcus
7206,Marcus
7207,Marcus
7208,Marcus
7209,Marcus
7210,Marcus
7211,Marcus
7212,Marcus
7213,Coronavirucus
7214,Marcus
7215,Marcus
7216,Marcus
7217,Marcus
7218,Marcus
7219,Marcus
7220,Marcus
7221,Marcus
7222,Marcus
7223,Marcus
7224,Marcus
7225,Marcus
7226,Marcus
7227,Marcus
7228,Marcus
7229,Coronavirucus
7230,Marcus
7231,Marcus
7232,Marcus
7233,Marcus
7234,Coronavirucus
7235,Marcus
7236,Marcus
7237,Marcus
7238,Marcus
7239,Marcus
7240,Marcus
7241,Marcus
7242,Marcus
7243,Marcus
7244,Marcus
7245,Marcus
7246,Marcus
7247,Marcus
7248,Marcus
7249,Marcus
7250,Marcus
7251,Marcus
7252,Marcus
7253,Marcus
7254,Marcus
7255,Marcus
7256,Marcus
7257,Marcus
7258,Marcus
7259,Marcus
7260,Marcus
7261,Marcus
7262,Marcus
7263,Marcus
7264,Coronavirucus
7265,Coronavirucus
7266,Marcus
7267,Marcus
7268,Marcus
7269,Marcus
7270,Marcus
7271,Marcus
7272,Marcus
7273,Marcus
7274,Marcus
7275,Marcus
7276,Marcus
7277,Marcus
7278,Marcus
7279,Marcus
7280,Marcus
7281,Marcus
7282,Marcus
7283,Marcus
7284,Marcus
7285,Marcus
7286,Marcus
7287,Marcus
7288,Marcus
7289,Marcus
7290,Marcus
7291,Marcus
7292,Coronavirucus
7293,Coronavirucus
7294,Marcus
7295,Marcus
7296,Marcus
7297,Marcus
7298,Marcus
7299,Marcus
7300,Marcus
7301,Marcus
7302,Marcus
7303,Marcus
7304,Marcus
7305,Marcus
7306,Marcus
7307,Coronavirucus
7308,Coronavirucus
7309,Marcus
7310,Marcus
7311,Coronavirucus
7312,Marcus
7313,Marcus
7314,Marcus
7315,Marcus
7316,Marcus
7317,Marcus
7318,Marcus
7319,Marcus
7320,Marcus
7321,Marcus
7322,Marcus
7323,Marcus
7324,Marcus
7325,Marcus
7326,Marcus
7327,Marcus
7328,Marcus
7329,Marcus
7330,Marcus
7331,Marcus
7332,Marcus
7333,Marcus
7334,Marcus
7335,Coronavirucus
7336,Marcus
7337,Coronavirucus
7338,Marcus
7339,Marcus
7340,Marcus
7341,Marcus
7342,Marcus
7343,Marcus
7344,Marcus
7345,Marcus
7346,Coronavirucus
7347,Marcus
7348,Marcus
7349,Marcus
7350,Marcus
7351,Marcus
7352,Marcus
7353,Marcus
7354,Marcus
7355,Marcus
7356,Marcus
7357,Marcus
7358,Marcus
7359,Marcus
7360,Marcus
7361,Marcus
7362,Marcus
7363,Marcus
7364,Marcus
7365,Marcus
7366,Mongucus
7367,Marcus
7368,Marcus
7369,Marcus
7370,Marcus
7371,Marcus
7372,Coronavirucus
7373,Marcus
7374,Marcus
7375,Marcus
7376,Coronavirucus
7377,Marcus
7378,Marcus
7379,Marcus
7380,Marcus
7381,Marcus
7382,Marcus
7383,Marcus
7384,Marcus
7385,Marcus
7386,Coronavirucus
7387,Marcus
7388,Marcus
7389,Marcus
7390,Marcus
7391,Marcus
7392,Marcus
7393,Marcus
7394,Marcus
7395,Marcus
7396,Marcus
7397,Marcus
7398,Marcus
7399,Marcus
7400,Marcus
7401,Marcus
7402,Marcus
7403,Marcus
7404,Marcus
7405,Marcus
7406,Marcus
7407,Marcus
7408,Marcus
7409,Marcus
7410,Marcus
7411,Marcus
7412,Marcus
7413,Marcus
7414,Marcus
7415,Marcus
7416,Marcus
7417,Marcus
7418,Coronavirucus
7419,Marcus
7420,Mongucus
7421,Marcus
7422,Marcus
7423,Marcus
7424,Marcus
7425,Marcus
7426,Marcus
7427,Marcus
7428,Marcus
7429,Marcus
7430,Marcus
7431,Marcus
7432,Marcus
7433,Marcus
7434,Marcus
7435,Marcus
7436,Marcus
7437,Marcus
7438,Marcus
7439,Marcus
7440,Marcus
7441,Coronavirucus
7442,Marcus
7443,Marcus
7444,Marcus
7445,Marcus
7446,Marcus
7447,Marcus
7448,Marcus
7449,Coronavirucus
7450,Marcus
7451,Marcus
7452,Marcus
7453,Marcus
7454,Marcus
7455,Marcus
7456,Marcus
7457,Marcus
7458,Marcus
7459,Marcus
7460,Marcus
7461,Marcus
7462,Marcus
7463,Marcus
7464,Coronavirucus
7465,Marcus
7466,Marcus
7467,Marcus
7468,Marcus
7469,Marcus
7470,Marcus
7471,Marcus
7472,Marcus
7473,Marcus
7474,Marcus
7475,Coronavirucus
7476,Marcus
7477,Marcus
7478,Marcus
7479,Marcus
7480,Marcus
7481,Marcus
7482,Marcus
7483,Marcus
7484,Marcus
7485,Coronavirucus
7486,Marcus
7487,Marcus
7488,Marcus
7489,Marcus
7490,Marcus
7491,Marcus
7492,Marcus
7493,Marcus
7494,Marcus
7495,Marcus
7496,Marcus
7497,Marcus
7498,Marcus
7499,Marcus
7500,Marcus
7501,Marcus
7502,Coronavirucus
7503,Marcus
7504,Marcus
7505,Coronavirucus
7506,Marcus
7507,Marcus
7508,Marcus
7509,Marcus
7510,Marcus
7511,Marcus
7512,Marcus
7513,Marcus
7514,Marcus
7515,Marcus
7516,Marcus
7517,Marcus
7518,Marcus
7519,Marcus
7520,Marcus
7521,Marcus
7522,Marcus
7523,Marcus
7524,Marcus
7525,Marcus
7526,Marcus
7527,Marcus
7528,Marcus
7529,Marcus
7530,Marcus
7531,Marcus
7532,Marcus
7533,Marcus
7534,Marcus
7535,Marcus
7536,Marcus
7537,Marcus
7538,Marcus
7539,Marcus
7540,Marcus
7541,Marcus
7542,Marcus
7543,Marcus
7544,Marcus
7545,Marcus
7546,Marcus
7547,Marcus
7548,Marcus
7549,Marcus
7550,Marcus
7551,Marcus
7552,Marcus
7553,Marcus
7554,Marcus
7555,Marcus
7556,Coronavirucus
7557,Marcus
7558,Marcus
7559,Marcus
7560,Marcus
7561,Marcus
7562,Marcus
7563,Marcus
7564,Marcus
7565,Marcus
7566,Marcus
7567,Marcus
7568,Marcus
7569,Marcus
7570,Coronavirucus
7571,Marcus
7572,Marcus
7573,Marcus
7574,Marcus
7575,Marcus
7576,Marcus
7577,Marcus
7578,Coronavirucus
7579,Marcus
7580,Marcus
7581,Marcus
7582,Marcus
7583,Marcus
7584,Marcus
7585,Marcus
7586,Marcus
7587,Coronavirucus
7588,Marcus
7589,Marcus
7590,Marcus
7591,Marcus
7592,Marcus
7593,Marcus
7594,Marcus
7595,Marcus
7596,Marcus
7597,Marcus
7598,Marcus
7599,Marcus
7600,Marcus
7601,Marcus
7602,Marcus
7603,Marcus
7604,Coronavirucus
7605,Marcus
7606,Marcus
7607,Coronavirucus
7608,Marcus
7609,Coronavirucus
7610,Marcus
7611,Marcus
7612,Marcus
7613,Marcus
7614,Marcus
7615,Marcus
7616,Marcus
7617,Marcus
7618,Marcus
7619,Marcus
7620,Marcus
7621,Marcus
7622,Marcus
7623,Marcus
7624,Coronavirucus
7625,Marcus
7626,Marcus
7627,Marcus
7628,Marcus
7629,Coronavirucus
7630,Marcus
7631,Marcus
7632,Marcus
7633,Marcus
7634,Coronavirucus
7635,Marcus
7636,Marcus
7637,Marcus
7638,Marcus
7639,Marcus
7640,Marcus
7641,Coronavirucus
7642,Marcus
7643,Coronavirucus
7644,Marcus
7645,Marcus
7646,Marcus
7647,Coronavirucus
7648,Marcus
7649,Coronavirucus
7650,Marcus
7651,Marcus
7652,Coronavirucus
7653,Marcus
7654,Marcus
7655,Marcus
7656,Marcus
7657,Marcus
7658,Marcus
7659,Marcus
7660,Marcus
7661,Marcus
7662,Marcus
7663,Marcus
7664,Marcus
7665,Marcus
7666,Marcus
7667,Marcus
7668,Marcus
7669,Marcus
7670,Marcus
7671,Marcus
7672,Marcus
7673,Coronavirucus
7674,Marcus
7675,Marcus
7676,Marcus
7677,Marcus
7678,Marcus
7679,Marcus
7680,Marcus
7681,Marcus
7682,Marcus
7683,Marcus
7684,Marcus
7685,Marcus
7686,Marcus
7687,Marcus
7688,Marcus
7689,Marcus
7690,Marcus
7691,Marcus
7692,Marcus
7693,Coronavirucus
7694,Marcus
7695,Marcus
7696,Marcus
7697,Marcus
7698,Marcus
7699,Marcus
7700,Marcus
7701,Marcus
7702,Marcus
7703,Marcus
7704,Marcus
7705,Marcus
7706,Marcus
7707,Marcus
7708,Marcus
7709,Marcus
7710,Coronavirucus
7711,Marcus
7712,Marcus
7713,Marcus
7714,Marcus
7715,Marcus
7716,Marcus
7717,Marcus
7718,Coronavirucus
7719,Marcus
7720,Marcus
7721,Marcus
7722,Marcus
7723,Marcus
7724,Marcus
7725,Marcus
7726,Coronavirucus
7727,Marcus
7728,Marcus
7729,Marcus
7730,Marcus
7731,Coronavirucus
7732,Marcus
7733,Marcus
7734,Marcus
7735,Marcus
7736,Marcus
7737,Marcus
7738,Marcus
7739,Marcus
7740,Marcus
7741,Coronavirucus
7742,Marcus
7743,Marcus
7744,Marcus
7745,Marcus
7746,Marcus
7747,Marcus
7748,Marcus
7749,Marcus
7750,Marcus
7751,Marcus
7752,Marcus
7753,Marcus
7754,Coronavirucus
7755,Marcus
7756,Marcus
7757,Marcus
7758,Marcus
7759,Coronavirucus
7760,Marcus
7761,Marcus
7762,Marcus
7763,Coronavirucus
7764,Marcus
7765,Marcus
7766,Marcus
7767,Marcus
7768,Marcus
7769,Marcus
7770,Marcus
7771,Marcus
7772,Coronavirucus
7773,Coronavirucus
7774,Marcus
7775,Marcus
7776,Marcus
7777,Marcus
7778,Marcus
7779,Marcus
7780,Marcus
7781,Marcus
7782,Marcus
7783,Marcus
7784,Marcus
7785,Marcus
7786,Marcus
7787,Marcus
7788,Marcus
7789,Marcus
7790,Coronavirucus
7791,Marcus
7792,Marcus
7793,Marcus
7794,Marcus
7795,Marcus
7796,Marcus
7797,Marcus
7798,Marcus
7799,Marcus
7800,Marcus
7801,Marcus
7802,Marcus
7803,Marcus
7804,Marcus
7805,Marcus
7806,Marcus
7807,Marcus
7808,Marcus
7809,Marcus
7810,Marcus
7811,Marcus
7812,Marcus
7813,Marcus
7814,Marcus
7815,Marcus
7816,Marcus
7817,Marcus
7818,Marcus
7819,Marcus
7820,Marcus
7821,Coronavirucus
7822,Marcus
7823,Marcus
7824,Marcus
7825,Marcus
7826,Marcus
7827,Marcus
7828,Marcus
7829,Marcus
7830,Marcus
7831,Marcus
7832,Marcus
7833,Marcus
7834,Marcus
7835,Marcus
7836,Marcus
7837,Marcus
7838,Coronavirucus
7839,Marcus
7840,Marcus
7841,Marcus
7842,Marcus
7843,Marcus
7844,Coronavirucus
7845,Marcus
7846,Marcus
7847,Marcus
7848,Marcus
7849,Marcus
7850,Marcus
7851,Marcus
7852,Marcus
7853,Marcus
7854,Marcus
7855,Marcus
7856,Marcus
7857,Marcus
7858,Marcus
7859,Marcus
7860,Marcus
7861,Marcus
7862,Coronavirucus
7863,Marcus
7864,Marcus
7865,Marcus
7866,Marcus
7867,Marcus
7868,Marcus
7869,Marcus
7870,Marcus
7871,Marcus
7872,Marcus
7873,Coronavirucus
7874,Marcus
7875,Marcus
7876,Marcus
7877,Marcus
7878,Marcus
7879,Marcus
7880,Marcus
7881,Marcus
7882,Marcus
7883,Marcus
7884,Marcus
7885,Marcus
7886,Marcus
7887,Marcus
7888,Marcus
7889,Marcus
7890,Marcus
7891,Marcus
7892,Marcus
7893,Marcus
7894,Marcus
7895,Marcus
7896,Coronavirucus
7897,Marcus
7898,Marcus
7899,Marcus
7900,Marcus
7901,Marcus
7902,Coronavirucus
7903,Marcus
7904,Marcus
7905,Marcus
7906,Marcus
7907,Marcus
7908,Marcus
7909,Marcus
7910,Marcus
7911,Marcus
7912,Marcus
7913,Marcus
7914,Marcus
7915,Marcus
7916,Marcus
7917,Marcus
7918,Marcus
7919,Marcus
7920,Marcus
7921,Marcus
7922,Marcus
7923,Coronavirucus
7924,Marcus
7925,Marcus
7926,Marcus
7927,Marcus
7928,Marcus
7929,Marcus
7930,Marcus
7931,Marcus
7932,Marcus
7933,Marcus
7934,Marcus
7935,Marcus
7936,Coronavirucus
7937,Marcus
7938,Marcus
7939,Marcus
7940,Marcus
7941,Marcus
7942,Marcus
7943,Marcus
7944,Marcus
7945,Marcus
7946,Marcus
7947,Marcus
7948,Marcus
7949,Marcus
7950,Marcus
7951,Marcus
7952,Marcus
7953,Coronavirucus
7954,Marcus
7955,Marcus
7956,Coronavirucus
7957,Marcus
7958,Marcus
7959,Marcus
7960,Marcus
7961,Marcus
7962,Marcus
7963,Marcus
7964,Marcus
7965,Marcus
7966,Coronavirucus
7967,Marcus
7968,Marcus
7969,Marcus
7970,Marcus
7971,Marcus
7972,Marcus
7973,Marcus
7974,Marcus
7975,Marcus
7976,Coronavirucus
7977,Marcus
7978,Marcus
7979,Marcus
7980,Marcus
7981,Marcus
7982,Marcus
7983,Marcus
7984,Marcus
7985,Marcus
7986,Marcus
7987,Marcus
7988,Marcus
7989,Marcus
7990,Marcus
7991,Marcus
7992,Marcus
7993,Coronavirucus
7994,Marcus
7995,Marcus
7996,Marcus
7997,Marcus
7998,Marcus
7999,Marcus
8000,Coronavirucus
8001,Marcus
8002,Marcus
8003,Marcus
8004,Coronavirucus
8005,Mongucus
8006,Marcus
8007,Marcus
8008,Marcus
8009,Marcus
8010,Marcus
8011,Marcus
